crop_path,filename,folder,laplacian_var,tenengrad,tenengrad_var,brenner,norm_laplacian,energy_gradient,focus_class
C:\Users\justi\Downloads\coursework\testing_4mm\Modular\OUTPUT\10mm-borosilicate-1\sphere0086v_crop.png,sphere0086v_crop.png,10mm-borosilicate-1,235.77742115742373,714519638.0,7653.657125079316,24573544.0,0.023173452592284705,16212948.0,sharp
C:\Users\justi\Downloads\coursework\testing_4mm\Modular\OUTPUT\10mm-borosilicate-1\sphere0090v_crop.png,sphere0090v_crop.png,10mm-borosilicate-1,236.7916091833059,721890146.0,7738.727288176705,24821222.0,0.023234742911847326,16352261.0,sharp
C:\Users\justi\Downloads\coursework\testing_4mm\Modular\OUTPUT\10mm-borosilicate-1\sphere0092v_crop.png,sphere0092v_crop.png,10mm-borosilicate-1,237.21171278441398,723980228.0,7760.138505065289,24898319.0,0.023433919818667465,16397610.0,sharp
C:\Users\justi\Downloads\coursework\testing_4mm\Modular\OUTPUT\10mm-borosilicate-1\sphere0096v_crop.png,sphere0096v_crop.png,10mm-borosilicate-1,237.34463804685052,726067412.0,7776.046531623587,24584234.0,0.023128126429057896,16422857.0,sharp
C:\Users\justi\Downloads\coursework\testing_4mm\Modular\OUTPUT\10mm-borosilicate-1\sphere0097v_crop.png,sphere0097v_crop.png,10mm-borosilicate-1,234.79316918135305,721535116.0,7733.755143098807,24407148.0,0.02305650749513176,16303513.0,sharp
C:\Users\justi\Downloads\coursework\testing_4mm\Modular\OUTPUT\10mm-borosilicate-1\sphere0100v_crop.png,sphere0100v_crop.png,10mm-borosilicate-1,237.00013077049462,714200160.0,7581.758368767162,24555108.0,0.022912608361530373,16224668.0,sharp
C:\Users\justi\Downloads\coursework\testing_4mm\Modular\OUTPUT\10mm-borosilicate-1\sphere0106v_crop.png,sphere0106v_crop.png,10mm-borosilicate-1,235.11934398461645,710053938.0,7531.838301336429,24301618.0,0.02300697692817993,16128743.0,sharp
C:\Users\justi\Downloads\coursework\testing_4mm\Modular\OUTPUT\10mm-borosilicate-1\sphere0107v_crop.png,sphere0107v_crop.png,10mm-borosilicate-1,237.90050834525394,719319796.0,7628.0016293464905,24629337.0,0.02278942263055364,16315523.0,sharp
C:\Users\justi\Downloads\coursework\testing_4mm\Modular\OUTPUT\10mm-borosilicate-1\sphere0115v_crop.png,sphere0115v_crop.png,10mm-borosilicate-1,234.9616684562452,710096842.0,7532.986010888518,24081294.0,0.023061956715045927,16121641.0,sharp
C:\Users\justi\Downloads\coursework\testing_4mm\Modular\OUTPUT\10mm-borosilicate-1\sphere0118v_crop.png,sphere0118v_crop.png,10mm-borosilicate-1,233.12983928573158,707787594.0,7502.148773930756,23972193.0,0.022062617621615162,16040362.0,sharp
C:\Users\justi\Downloads\coursework\testing_4mm\Modular\OUTPUT\10mm-borosilicate-1\sphere0124v_crop.png,sphere0124v_crop.png,10mm-borosilicate-1,232.0337833455669,700284190.0,7428.473185116568,24213250.0,0.023089545767995507,15898556.0,sharp
C:\Users\justi\Downloads\coursework\testing_4mm\Modular\OUTPUT\10mm-borosilicate-1\sphere0131v_crop.png,sphere0131v_crop.png,10mm-borosilicate-1,233.5746273218848,702424982.0,7451.953752111611,24218965.0,0.022733700696845733,15963888.0,sharp
C:\Users\justi\Downloads\coursework\testing_4mm\Modular\OUTPUT\10mm-borosilicate-1\sphere0133v_crop.png,sphere0133v_crop.png,10mm-borosilicate-1,234.34059901451823,703868274.0,7474.478396029974,23742548.0,0.022634312131127217,15998798.0,sharp
C:\Users\justi\Downloads\coursework\testing_4mm\Modular\OUTPUT\10mm-borosilicate-1\sphere0134v_crop.png,sphere0134v_crop.png,10mm-borosilicate-1,234.75004455118514,707953476.0,7506.67776081053,23794006.0,0.022626348526462916,16078371.0,sharp
C:\Users\justi\Downloads\coursework\testing_4mm\Modular\OUTPUT\10mm-borosilicate-1\sphere0145v_crop.png,sphere0145v_crop.png,10mm-borosilicate-1,240.28471784328073,722053162.0,7664.082490848287,24632619.0,0.023411901235172592,16418048.0,sharp
C:\Users\justi\Downloads\coursework\testing_4mm\Modular\OUTPUT\10mm-borosilicate-1\sphere0146v_crop.png,sphere0146v_crop.png,10mm-borosilicate-1,235.3736524616048,713010344.0,7567.555015399448,24511778.0,0.023066469565611255,16180302.0,sharp
C:\Users\justi\Downloads\coursework\testing_4mm\Modular\OUTPUT\10mm-borosilicate-1\sphere0147v_crop.png,sphere0147v_crop.png,10mm-borosilicate-1,233.01272040432673,702453436.0,7456.781162594298,24089424.0,0.02341756832927129,15957803.0,sharp
C:\Users\justi\Downloads\coursework\testing_4mm\Modular\OUTPUT\10mm-borosilicate-1\sphere0149v_crop.png,sphere0149v_crop.png,10mm-borosilicate-1,233.17147167577585,701971180.0,7446.087330655739,24233291.0,0.02348242442309454,15951545.0,sharp
C:\Users\justi\Downloads\coursework\testing_4mm\Modular\OUTPUT\10mm-borosilicate-2\sphere0151v_crop.png,sphere0151v_crop.png,10mm-borosilicate-2,240.6834911098011,720507164.0,7650.734532010667,24898477.0,0.023634932549683078,16403254.0,sharp
C:\Users\justi\Downloads\coursework\testing_4mm\Modular\OUTPUT\10mm-borosilicate-2\sphere0158v_crop.png,sphere0158v_crop.png,10mm-borosilicate-2,237.01725518348925,717028746.0,7607.272228178704,24246722.0,0.022827987832540135,16269026.0,sharp
C:\Users\justi\Downloads\coursework\testing_4mm\Modular\OUTPUT\10mm-borosilicate-2\sphere0159v_crop.png,sphere0159v_crop.png,10mm-borosilicate-2,234.46421232149322,711457090.0,7553.884464409322,24085695.0,0.02298817473458272,16126521.0,sharp
C:\Users\justi\Downloads\coursework\testing_4mm\Modular\OUTPUT\10mm-borosilicate-2\sphere0162v_crop.png,sphere0162v_crop.png,10mm-borosilicate-2,238.03817722561396,720148218.0,7648.050221003445,24988571.0,0.023811111382227374,16343660.0,sharp
C:\Users\justi\Downloads\coursework\testing_4mm\Modular\OUTPUT\10mm-borosilicate-2\sphere0170v_crop.png,sphere0170v_crop.png,10mm-borosilicate-2,234.92463704621005,708614834.0,7514.365571671966,24582711.0,0.022926893710015255,16093406.0,sharp
C:\Users\justi\Downloads\coursework\testing_4mm\Modular\OUTPUT\10mm-borosilicate-2\sphere0171v_crop.png,sphere0171v_crop.png,10mm-borosilicate-2,238.26178691591866,721086206.0,7650.702730437232,24930527.0,0.023101015266479268,16361102.0,sharp
C:\Users\justi\Downloads\coursework\testing_4mm\Modular\OUTPUT\10mm-borosilicate-2\sphere0172v_crop.png,sphere0172v_crop.png,10mm-borosilicate-2,234.75822380852603,714696566.0,7578.426903706954,24800184.0,0.02290743982338438,16186728.0,sharp
C:\Users\justi\Downloads\coursework\testing_4mm\Modular\OUTPUT\10mm-borosilicate-2\sphere0173v_crop.png,sphere0173v_crop.png,10mm-borosilicate-2,238.07721182979822,719241064.0,7636.912926655199,24610930.0,0.023120968334738593,16326397.0,sharp
C:\Users\justi\Downloads\coursework\testing_4mm\Modular\OUTPUT\10mm-borosilicate-2\sphere0180v_crop.png,sphere0180v_crop.png,10mm-borosilicate-2,237.895898009496,719810798.0,7634.660135444495,24352646.0,0.022853396630330227,16326566.0,sharp
C:\Users\justi\Downloads\coursework\testing_4mm\Modular\OUTPUT\10mm-borosilicate-2\sphere0181v_crop.png,sphere0181v_crop.png,10mm-borosilicate-2,235.91450081227597,721108306.0,7652.731012574203,24420360.0,0.022715212673657458,16312117.0,sharp
C:\Users\justi\Downloads\coursework\testing_4mm\Modular\OUTPUT\10mm-borosilicate-2\sphere0190v_crop.png,sphere0190v_crop.png,10mm-borosilicate-2,235.31995297545288,723758278.0,7682.809678753542,24934254.0,0.02312266056576275,16342676.0,sharp
C:\Users\justi\Downloads\coursework\testing_4mm\Modular\OUTPUT\10mm-borosilicate-2\sphere0191v_crop.png,sphere0191v_crop.png,10mm-borosilicate-2,234.87006630848336,717863648.0,7621.144652377076,24514236.0,0.022870069201994674,16239509.0,sharp
C:\Users\justi\Downloads\coursework\testing_4mm\Modular\OUTPUT\10mm-borosilicate-2\sphere0196v_crop.png,sphere0196v_crop.png,10mm-borosilicate-2,237.72981922342103,726497480.0,7707.049650671292,24789201.0,0.022946787780832926,16437298.0,sharp
C:\Users\justi\Downloads\coursework\testing_4mm\Modular\OUTPUT\10mm-borosilicate-2\sphere0197v_crop.png,sphere0197v_crop.png,10mm-borosilicate-2,236.67531730372764,717980024.0,7617.358009328136,24556942.0,0.023178064833379235,16278500.0,sharp
C:\Users\justi\Downloads\coursework\testing_4mm\Modular\OUTPUT\10mm-borosilicate-2\sphere0204v_crop.png,sphere0204v_crop.png,10mm-borosilicate-2,235.93537698283308,720469426.0,7646.730516531682,24408094.0,0.022893064950939467,16309520.0,sharp
C:\Users\justi\Downloads\coursework\testing_4mm\Modular\OUTPUT\10mm-borosilicate-2\sphere0206v_crop.png,sphere0206v_crop.png,10mm-borosilicate-2,234.43978785381645,714115372.0,7572.914171714495,24539128.0,0.023242665050237317,16174600.0,sharp
C:\Users\justi\Downloads\coursework\testing_4mm\Modular\OUTPUT\10mm-borosilicate-2\sphere0209v_crop.png,sphere0209v_crop.png,10mm-borosilicate-2,237.97892958927173,721003474.0,7651.240455347282,24641308.0,0.02322649403739998,16349098.0,sharp
C:\Users\justi\Downloads\coursework\testing_4mm\Modular\OUTPUT\10mm-borosilicate-2\sphere0214v_crop.png,sphere0214v_crop.png,10mm-borosilicate-2,236.50995244505413,721889092.0,7662.533160029273,24916556.0,0.0233078807329052,16343587.0,sharp
C:\Users\justi\Downloads\coursework\testing_4mm\Modular\OUTPUT\10mm-borosilicate-tmx\sphere1015g_crop.png,sphere1015g_crop.png,10mm-borosilicate-tmx,134.2442797652554,255972522.0,2693.7392063301386,9598150.0,0.004664067505618629,6552090.0,sharp
C:\Users\justi\Downloads\coursework\testing_4mm\Modular\OUTPUT\10mm-borosilicate-tmx\sphere1017g_crop.png,sphere1017g_crop.png,10mm-borosilicate-tmx,134.5745067887836,255593140.0,2691.199357026691,9559826.0,0.004723859946439681,6553573.0,sharp
C:\Users\justi\Downloads\coursework\testing_4mm\Modular\OUTPUT\10mm-borosilicate-tmx\sphere1022g_crop.png,sphere1022g_crop.png,10mm-borosilicate-tmx,136.8298268759859,248545666.0,2612.0533734463866,9468196.0,0.0049521745375161385,6489913.0,sharp
C:\Users\justi\Downloads\coursework\testing_4mm\Modular\OUTPUT\10mm-borosilicate-tmx\sphere1024g_crop.png,sphere1024g_crop.png,10mm-borosilicate-tmx,150.89347418116358,256708972.0,2699.9767799186575,8733622.0,0.0059634157407707266,6729919.0,sharp
C:\Users\justi\Downloads\coursework\testing_4mm\Modular\OUTPUT\10mm-borosilicate-tmx\sphere1028g_crop.png,sphere1028g_crop.png,10mm-borosilicate-tmx,135.58981232539168,260329550.0,2741.348217314704,9814208.0,0.004640350631565074,6653209.0,sharp
C:\Users\justi\Downloads\coursework\testing_4mm\Modular\OUTPUT\10mm-borosilicate-tmx\sphere1034g_crop.png,sphere1034g_crop.png,10mm-borosilicate-tmx,146.31421200773306,294400074.0,3108.4844252586745,11248832.0,0.004391840909667416,7420227.0,sharp
C:\Users\justi\Downloads\coursework\testing_4mm\Modular\OUTPUT\10mm-borosilicate-tmx\sphere1036g_crop.png,sphere1036g_crop.png,10mm-borosilicate-tmx,131.77701541545102,260858342.0,2742.025101051307,9926839.0,0.004442511388719082,6578265.0,sharp
C:\Users\justi\Downloads\coursework\testing_4mm\Modular\OUTPUT\14mm-borosilicate-1\sphere0333v_crop.png,sphere0333v_crop.png,14mm-borosilicate-1,229.71542944697578,709165462.0,7481.244285425157,24429631.0,0.02106527943599482,15995253.0,sharp
C:\Users\justi\Downloads\coursework\testing_4mm\Modular\OUTPUT\14mm-borosilicate-1\sphere0342v_crop.png,sphere0342v_crop.png,14mm-borosilicate-1,226.0273387080303,699343316.0,7367.601949874325,23642994.0,0.020256813132106304,15750624.0,sharp
C:\Users\justi\Downloads\coursework\testing_4mm\Modular\OUTPUT\14mm-borosilicate-1\sphere0343v_crop.png,sphere0343v_crop.png,14mm-borosilicate-1,222.45650608570958,692729364.0,7293.084184969439,23556408.0,0.020076685925589362,15572949.0,sharp
C:\Users\justi\Downloads\coursework\testing_4mm\Modular\OUTPUT\14mm-borosilicate-1\sphere0354v_crop.png,sphere0354v_crop.png,14mm-borosilicate-1,222.66099715752807,691969586.0,7298.825305323861,23197867.0,0.020358574950311365,15568475.0,sharp
C:\Users\justi\Downloads\coursework\testing_4mm\Modular\OUTPUT\14mm-borosilicate-1\sphere0357v_crop.png,sphere0357v_crop.png,14mm-borosilicate-1,222.34116755277427,692264206.0,7299.661561942804,23193488.0,0.020335408013200135,15554862.0,sharp
C:\Users\justi\Downloads\coursework\testing_4mm\Modular\OUTPUT\14mm-borosilicate-1\sphere0364v_crop.png,sphere0364v_crop.png,14mm-borosilicate-1,221.92237649718967,697582436.0,7362.741121250972,23541713.0,0.020088426329781084,15653196.0,sharp
C:\Users\justi\Downloads\coursework\testing_4mm\Modular\OUTPUT\14mm-borosilicate-1\sphere0365v_crop.png,sphere0365v_crop.png,14mm-borosilicate-1,227.67359685328447,699947326.0,7398.214981337608,23724805.0,0.02076401312229411,15799854.0,sharp
C:\Users\justi\Downloads\coursework\testing_4mm\Modular\OUTPUT\14mm-borosilicate-1\sphere0367v_crop.png,sphere0367v_crop.png,14mm-borosilicate-1,221.82783228516573,705480032.0,7451.191619544073,23910814.0,0.02005575213872113,15768324.0,sharp
C:\Users\justi\Downloads\coursework\testing_4mm\Modular\OUTPUT\14mm-borosilicate-1\sphere0368v_crop.png,sphere0368v_crop.png,14mm-borosilicate-1,237.02576512851533,713119606.0,7537.941075096395,24201020.0,0.0213996485024389,16196565.0,sharp
C:\Users\justi\Downloads\coursework\testing_4mm\Modular\OUTPUT\14mm-borosilicate-1\sphere0370v_crop.png,sphere0370v_crop.png,14mm-borosilicate-1,227.9591644148066,712106538.0,7525.599596988576,24002748.0,0.020693669028733704,16008735.0,sharp
C:\Users\justi\Downloads\coursework\testing_4mm\Modular\OUTPUT\14mm-borosilicate-1\sphere0372v_crop.png,sphere0372v_crop.png,14mm-borosilicate-1,232.33966241208645,701886144.0,7416.078234001017,23801785.0,0.02144097929737616,15924386.0,sharp
C:\Users\justi\Downloads\coursework\testing_4mm\Modular\OUTPUT\14mm-borosilicate-1\sphere0376v_crop.png,sphere0376v_crop.png,14mm-borosilicate-1,221.676693922453,693231116.0,7316.534301321597,23361531.0,0.020435812604984022,15572852.0,sharp
C:\Users\justi\Downloads\coursework\testing_4mm\Modular\OUTPUT\14mm-borosilicate-1\sphere0377v_crop.png,sphere0377v_crop.png,14mm-borosilicate-1,229.15522208574578,700384338.0,7385.866294534191,23635336.0,0.021098507594817427,15832712.0,sharp
C:\Users\justi\Downloads\coursework\testing_4mm\Modular\OUTPUT\14mm-borosilicate-1\sphere0383v_crop.png,sphere0383v_crop.png,14mm-borosilicate-1,223.9873616883966,696928986.0,7363.040010711817,23789229.0,0.021080008339659687,15676975.0,sharp
C:\Users\justi\Downloads\coursework\testing_4mm\Modular\OUTPUT\14mm-borosilicate-1\sphere0384v_crop.png,sphere0384v_crop.png,14mm-borosilicate-1,225.65193405508666,704655550.0,7444.8322582730525,24156888.0,0.020978438759149638,15844428.0,sharp
C:\Users\justi\Downloads\coursework\testing_4mm\Modular\OUTPUT\14mm-borosilicate-1\sphere0392v_crop.png,sphere0392v_crop.png,14mm-borosilicate-1,221.94858175650305,708400046.0,7483.534923189149,24202737.0,0.020701031024303543,15824545.0,sharp
C:\Users\justi\Downloads\coursework\testing_4mm\Modular\OUTPUT\14mm-borosilicate-1\sphere0394v_crop.png,sphere0394v_crop.png,14mm-borosilicate-1,226.88988149230505,709689988.0,7472.172679344886,24145358.0,0.02071986443737687,15929556.0,sharp
C:\Users\justi\Downloads\coursework\testing_4mm\Modular\OUTPUT\14mm-borosilicate-1\sphere0397v_crop.png,sphere0397v_crop.png,14mm-borosilicate-1,222.97206900688977,710420566.0,7504.969895297785,24021063.0,0.02005051531755687,15873545.0,sharp
C:\Users\justi\Downloads\coursework\testing_4mm\Modular\OUTPUT\14mm-borosilicate-2\sphere0403v_crop.png,sphere0403v_crop.png,14mm-borosilicate-2,228.2038553912789,708129932.0,7484.980948414147,23984135.0,0.02071552114462062,15943325.0,sharp
C:\Users\justi\Downloads\coursework\testing_4mm\Modular\OUTPUT\14mm-borosilicate-2\sphere0411v_crop.png,sphere0411v_crop.png,14mm-borosilicate-2,235.9338576023099,713931920.0,7547.806001918039,24010287.0,0.021190486769920174,16190020.0,sharp
C:\Users\justi\Downloads\coursework\testing_4mm\Modular\OUTPUT\14mm-borosilicate-2\sphere0420v_crop.png,sphere0420v_crop.png,14mm-borosilicate-2,239.48314186683382,720299900.0,7615.877131830895,24589703.0,0.02157012888446758,16357612.0,sharp
C:\Users\justi\Downloads\coursework\testing_4mm\Modular\OUTPUT\14mm-borosilicate-2\sphere0423v_crop.png,sphere0423v_crop.png,14mm-borosilicate-2,234.36340181019662,706791680.0,7471.753390569719,24053079.0,0.021285470571427847,16049097.0,sharp
C:\Users\justi\Downloads\coursework\testing_4mm\Modular\OUTPUT\14mm-borosilicate-2\sphere0424v_crop.png,sphere0424v_crop.png,14mm-borosilicate-2,227.61474297490648,695037220.0,7350.217284972243,23557419.0,0.020984803812580624,15715004.0,sharp
C:\Users\justi\Downloads\coursework\testing_4mm\Modular\OUTPUT\14mm-borosilicate-2\sphere0427v_crop.png,sphere0427v_crop.png,14mm-borosilicate-2,229.77522366122682,709539652.0,7492.311821242345,24191279.0,0.02080021063024022,15995377.0,sharp
C:\Users\justi\Downloads\coursework\testing_4mm\Modular\OUTPUT\14mm-borosilicate-2\sphere0449v_crop.png,sphere0449v_crop.png,14mm-borosilicate-2,256.9059648177029,804720404.0,8505.894045736466,27142715.0,0.01991051161035706,18073298.0,sharp
C:\Users\justi\Downloads\coursework\testing_4mm\Modular\OUTPUT\14mm-borosilicate-2\sphere0450v_crop.png,sphere0450v_crop.png,14mm-borosilicate-2,254.20128660237833,803935568.0,8495.974345005696,26917971.0,0.019734316777448746,18005126.0,sharp
C:\Users\justi\Downloads\coursework\testing_4mm\Modular\OUTPUT\14mm-borosilicate-2\sphere0452v_crop.png,sphere0452v_crop.png,14mm-borosilicate-2,266.95926542458847,818456560.0,8657.733416350415,27581174.0,0.02062377086276546,18502792.0,sharp
C:\Users\justi\Downloads\coursework\testing_4mm\Modular\OUTPUT\14mm-borosilicate-2\sphere0453v_crop.png,sphere0453v_crop.png,14mm-borosilicate-2,247.2171414630459,795583850.0,8404.931569147231,26851764.0,0.01921976757288721,17736795.0,sharp
C:\Users\justi\Downloads\coursework\testing_4mm\Modular\OUTPUT\14mm-borosilicate-2\sphere0459v_crop.png,sphere0459v_crop.png,14mm-borosilicate-2,272.56354150653425,821624280.0,8733.175277684892,28081758.0,0.02113310049572164,18656325.0,sharp
C:\Users\justi\Downloads\coursework\testing_4mm\Modular\OUTPUT\14mm-borosilicate-2\sphere0460v_crop.png,sphere0460v_crop.png,14mm-borosilicate-2,270.6241324612845,830804932.0,8826.084904931759,28099472.0,0.02060141244832418,18775826.0,sharp
C:\Users\justi\Downloads\coursework\testing_4mm\Modular\OUTPUT\14mm-borosilicate-2\sphere0461v_crop.png,sphere0461v_crop.png,14mm-borosilicate-2,251.52639013982773,811514214.0,8602.260342281426,27414476.0,0.01950756116807295,18074666.0,sharp
C:\Users\justi\Downloads\coursework\testing_4mm\Modular\OUTPUT\14mm-borosilicate-2\sphere0462v_crop.png,sphere0462v_crop.png,14mm-borosilicate-2,254.69810105077832,813564822.0,8618.305708821108,27198510.0,0.019693216609006692,18166175.0,sharp
C:\Users\justi\Downloads\coursework\testing_4mm\Modular\OUTPUT\14mm-borosilicate-2\sphere0464v_crop.png,sphere0464v_crop.png,14mm-borosilicate-2,259.1177513386271,813139832.0,8619.52352109118,27461671.0,0.02051009054999619,18255731.0,sharp
C:\Users\justi\Downloads\coursework\testing_4mm\Modular\OUTPUT\14mm-borosilicate-2\sphere0465v_crop.png,sphere0465v_crop.png,14mm-borosilicate-2,258.2457293702856,821749186.0,8712.16037897336,28107508.0,0.020451012932823597,18385427.0,sharp
C:\Users\justi\Downloads\coursework\testing_4mm\Modular\OUTPUT\14mm-borosilicate-2\sphere0466v_crop.png,sphere0466v_crop.png,14mm-borosilicate-2,271.9571917029171,831258358.0,8823.712837269495,28585518.0,0.021577890353573985,18799857.0,sharp
C:\Users\justi\Downloads\coursework\testing_4mm\Modular\OUTPUT\20mm-borosilicate-1\sphere0704v_crop.png,sphere0704v_crop.png,20mm-borosilicate-1,249.1812428079276,798192864.0,8612.558308142834,28047384.0,0.012743690823412767,17828675.0,sharp
C:\Users\justi\Downloads\coursework\testing_4mm\Modular\OUTPUT\20mm-borosilicate-1\sphere0712v_crop.png,sphere0712v_crop.png,20mm-borosilicate-1,248.6925628649425,797899036.0,8610.36555398798,27302914.0,0.012468584137508745,17809128.0,sharp
C:\Users\justi\Downloads\coursework\testing_4mm\Modular\OUTPUT\20mm-borosilicate-1\sphere0714v_crop.png,sphere0714v_crop.png,20mm-borosilicate-1,246.14576104808015,797680594.0,8605.985716639565,27577513.0,0.01256088605646561,17753110.0,sharp
C:\Users\justi\Downloads\coursework\testing_4mm\Modular\OUTPUT\20mm-borosilicate-1\sphere0715v_crop.png,sphere0715v_crop.png,20mm-borosilicate-1,240.38009027720852,792811472.0,8553.367174022975,27423472.0,0.012241727092975472,17562109.0,sharp
C:\Users\justi\Downloads\coursework\testing_4mm\Modular\OUTPUT\20mm-borosilicate-1\sphere0717v_crop.png,sphere0717v_crop.png,20mm-borosilicate-1,249.07293141562752,801625012.0,8648.43018511283,27721714.0,0.012606734573912662,17861405.0,sharp
C:\Users\justi\Downloads\coursework\testing_4mm\Modular\OUTPUT\20mm-borosilicate-1\sphere0723v_crop.png,sphere0723v_crop.png,20mm-borosilicate-1,244.26186742486038,780865598.0,8402.6639416365,26896663.0,0.01218011810170035,17439174.0,sharp
C:\Users\justi\Downloads\coursework\testing_4mm\Modular\OUTPUT\20mm-borosilicate-1\sphere0726v_crop.png,sphere0726v_crop.png,20mm-borosilicate-1,242.9210642372107,789084716.0,8493.191365137656,26759964.0,0.011940854958143343,17550164.0,sharp
C:\Users\justi\Downloads\coursework\testing_4mm\Modular\OUTPUT\20mm-borosilicate-1\sphere0733v_crop.png,sphere0733v_crop.png,20mm-borosilicate-1,242.57407284877655,787502858.0,8460.85615711055,27413432.0,0.012264405161564419,17515524.0,sharp
C:\Users\justi\Downloads\coursework\testing_4mm\Modular\OUTPUT\20mm-borosilicate-1\sphere0735v_crop.png,sphere0735v_crop.png,20mm-borosilicate-1,247.05407652869403,788320632.0,8472.458349532159,27488713.0,0.012525972227838649,17610547.0,sharp
C:\Users\justi\Downloads\coursework\testing_4mm\Modular\OUTPUT\20mm-borosilicate-1\sphere0736v_crop.png,sphere0736v_crop.png,20mm-borosilicate-1,243.0853036455379,791991438.0,8513.612918312703,27509068.0,0.012270181278012278,17594680.0,sharp
C:\Users\justi\Downloads\coursework\testing_4mm\Modular\OUTPUT\20mm-borosilicate-1\sphere0738v_crop.png,sphere0738v_crop.png,20mm-borosilicate-1,245.75641061944998,791231224.0,8507.273144067763,26916230.0,0.012303960415092768,17629519.0,sharp
C:\Users\justi\Downloads\coursework\testing_4mm\Modular\OUTPUT\20mm-borosilicate-1\sphere0739v_crop.png,sphere0739v_crop.png,20mm-borosilicate-1,245.1932831532631,787582160.0,8470.13538085003,26898643.0,0.012320044025066432,17567117.0,sharp
C:\Users\justi\Downloads\coursework\testing_4mm\Modular\OUTPUT\20mm-borosilicate-1\sphere0757v_crop.png,sphere0757v_crop.png,20mm-borosilicate-1,241.05798924604107,788114024.0,8483.884187296031,27418866.0,0.01218174133132756,17504187.0,sharp
C:\Users\justi\Downloads\coursework\testing_4mm\Modular\OUTPUT\20mm-borosilicate-1\sphere0759v_crop.png,sphere0759v_crop.png,20mm-borosilicate-1,242.29182882898579,788287296.0,8488.55098659738,27224697.0,0.011947538531578438,17518986.0,sharp
C:\Users\justi\Downloads\coursework\testing_4mm\Modular\OUTPUT\20mm-borosilicate-1\sphere0764v_crop.png,sphere0764v_crop.png,20mm-borosilicate-1,246.62251812473005,793991768.0,8528.612149161205,27647891.0,0.01246005246502617,17711869.0,sharp
C:\Users\justi\Downloads\coursework\testing_4mm\Modular\OUTPUT\20mm-borosilicate-1\sphere0765v_crop.png,sphere0765v_crop.png,20mm-borosilicate-1,243.7628399953397,796082252.0,8572.284496279472,27527079.0,0.012379990272611545,17684323.0,sharp
C:\Users\justi\Downloads\coursework\testing_4mm\Modular\OUTPUT\20mm-borosilicate-1\sphere0768v_crop.png,sphere0768v_crop.png,20mm-borosilicate-1,240.32237223194784,789445438.0,8495.144463158875,27356491.0,0.012221295927484794,17518920.0,sharp
C:\Users\justi\Downloads\coursework\testing_4mm\Modular\OUTPUT\20mm-borosilicate-1\sphere0770v_crop.png,sphere0770v_crop.png,20mm-borosilicate-1,249.34388690917896,797968784.0,8588.38151939674,27553687.0,0.01243712328786694,17814236.0,sharp
C:\Users\justi\Downloads\coursework\testing_4mm\Modular\OUTPUT\20mm-borosilicate-2\sphere0771v_crop.png,sphere0771v_crop.png,20mm-borosilicate-2,235.9779486306639,778447314.0,8377.039542971983,26334942.0,0.011604745221049005,17237816.0,sharp
C:\Users\justi\Downloads\coursework\testing_4mm\Modular\OUTPUT\20mm-borosilicate-2\sphere0772v_crop.png,sphere0772v_crop.png,20mm-borosilicate-2,174.50753659203517,730676066.0,7830.213319830489,24504443.0,0.008872025824014404,15237641.0,sharp
C:\Users\justi\Downloads\coursework\testing_4mm\Modular\OUTPUT\20mm-borosilicate-2\sphere0773v_crop.png,sphere0773v_crop.png,20mm-borosilicate-2,212.80171185378396,769275306.0,8267.396601382325,26222490.0,0.010844135033373397,16629559.0,sharp
C:\Users\justi\Downloads\coursework\testing_4mm\Modular\OUTPUT\20mm-borosilicate-2\sphere0774v_crop.png,sphere0774v_crop.png,20mm-borosilicate-2,241.59079345152227,797626304.0,8587.502567600233,27532690.0,0.012154021228215165,17672927.0,sharp
C:\Users\justi\Downloads\coursework\testing_4mm\Modular\OUTPUT\20mm-borosilicate-2\sphere0775v_crop.png,sphere0775v_crop.png,20mm-borosilicate-2,237.9985842326371,792211868.0,8530.826760337082,27204455.0,0.012102819171544162,17506989.0,sharp
C:\Users\justi\Downloads\coursework\testing_4mm\Modular\OUTPUT\20mm-borosilicate-2\sphere0776v_crop.png,sphere0776v_crop.png,20mm-borosilicate-2,241.08615851439137,783415858.0,8414.728283876457,26838074.0,0.011856873423995834,17428127.0,sharp
C:\Users\justi\Downloads\coursework\testing_4mm\Modular\OUTPUT\20mm-borosilicate-2\sphere0777v_crop.png,sphere0777v_crop.png,20mm-borosilicate-2,223.12121988977665,771558040.0,8271.374218490086,26214055.0,0.011087495512160723,16874342.0,sharp
C:\Users\justi\Downloads\coursework\testing_4mm\Modular\OUTPUT\20mm-borosilicate-2\sphere0778v_crop.png,sphere0778v_crop.png,20mm-borosilicate-2,199.7401208959667,733141666.0,7839.383815714706,24691629.0,0.009613289284165282,15772263.0,sharp
C:\Users\justi\Downloads\coursework\testing_4mm\Modular\OUTPUT\20mm-borosilicate-2\sphere0779v_crop.png,sphere0779v_crop.png,20mm-borosilicate-2,211.6522895141427,760491094.0,8137.2065193761055,25769572.0,0.0105396179414743,16452240.0,sharp
C:\Users\justi\Downloads\coursework\testing_4mm\Modular\OUTPUT\20mm-borosilicate-2\sphere0780v_crop.png,sphere0780v_crop.png,20mm-borosilicate-2,208.6238699598395,755583842.0,8086.299986580834,25424866.0,0.010455700043367284,16326937.0,sharp
C:\Users\justi\Downloads\coursework\testing_4mm\Modular\OUTPUT\20mm-borosilicate-2\sphere0781v_crop.png,sphere0781v_crop.png,20mm-borosilicate-2,207.9449976892108,752595464.0,8051.39065828622,25425381.0,0.010127896326577434,16242282.0,sharp
C:\Users\justi\Downloads\coursework\testing_4mm\Modular\OUTPUT\20mm-borosilicate-2\sphere0782v_crop.png,sphere0782v_crop.png,20mm-borosilicate-2,216.22436383648383,759950686.0,8135.165951943853,25738492.0,0.010507235619392487,16538041.0,sharp
C:\Users\justi\Downloads\coursework\testing_4mm\Modular\OUTPUT\20mm-borosilicate-2\sphere0783v_crop.png,sphere0783v_crop.png,20mm-borosilicate-2,223.6443625868987,764797374.0,8194.872081763373,25864017.0,0.010960430866645362,16781686.0,sharp
C:\Users\justi\Downloads\coursework\testing_4mm\Modular\OUTPUT\20mm-borosilicate-2\sphere0784v_crop.png,sphere0784v_crop.png,20mm-borosilicate-2,240.9530446051718,779341420.0,8355.393444970361,26492147.0,0.011742805767434748,17341122.0,sharp
C:\Users\justi\Downloads\coursework\testing_4mm\Modular\OUTPUT\20mm-borosilicate-2\sphere0785v_crop.png,sphere0785v_crop.png,20mm-borosilicate-2,200.0644856629972,747244550.0,7993.049927058727,25093215.0,0.009765362539958574,16025263.0,sharp
C:\Users\justi\Downloads\coursework\testing_4mm\Modular\OUTPUT\20mm-borosilicate-2\sphere0786v_crop.png,sphere0786v_crop.png,20mm-borosilicate-2,178.07514300263475,726044478.0,7734.412879277471,24025791.0,0.008849746402288925,15230442.0,sharp
C:\Users\justi\Downloads\coursework\testing_4mm\Modular\OUTPUT\20mm-borosilicate-2\sphere0787v_crop.png,sphere0787v_crop.png,20mm-borosilicate-2,201.13877547226778,753906926.0,8050.751173180621,25290288.0,0.010024841373924568,16157022.0,sharp
C:\Users\justi\Downloads\coursework\testing_4mm\Modular\OUTPUT\20mm-borosilicate-2\sphere0788v_crop.png,sphere0788v_crop.png,20mm-borosilicate-2,189.47485071619525,736425252.0,7858.8161910198,24602651.0,0.009524283141514767,15611990.0,sharp
C:\Users\justi\Downloads\coursework\testing_4mm\Modular\OUTPUT\20mm-borosilicate-2\sphere0789v_crop.png,sphere0789v_crop.png,20mm-borosilicate-2,220.34168392641237,765532928.0,8187.487051700852,25904758.0,0.011113204593089706,16718392.0,sharp
C:\Users\justi\Downloads\coursework\testing_4mm\Modular\OUTPUT\20mm-borosilicate-2\sphere0790v_crop.png,sphere0790v_crop.png,20mm-borosilicate-2,204.62623333507946,745675474.0,7962.744074711422,24931802.0,0.010260362021500997,16073907.0,sharp
C:\Users\justi\Downloads\coursework\testing_4mm\Modular\OUTPUT\20mm-borosilicate-2\sphere0791v_crop.png,sphere0791v_crop.png,20mm-borosilicate-2,244.13478120892643,788422376.0,8442.39880736856,27256327.0,0.012354117376739963,17560079.0,sharp
C:\Users\justi\Downloads\coursework\testing_4mm\Modular\OUTPUT\20mm-borosilicate-2\sphere0792v_crop.png,sphere0792v_crop.png,20mm-borosilicate-2,205.81379857898753,753541778.0,8039.982888833527,25787576.0,0.010427325392264585,16223571.0,sharp
C:\Users\justi\Downloads\coursework\testing_4mm\Modular\OUTPUT\20mm-borosilicate-2\sphere0793v_crop.png,sphere0793v_crop.png,20mm-borosilicate-2,200.05753330869098,745806016.0,7959.762841350343,25456985.0,0.010203965463803586,15990071.0,sharp
C:\Users\justi\Downloads\coursework\testing_4mm\Modular\OUTPUT\20mm-borosilicate-2\sphere0794v_crop.png,sphere0794v_crop.png,20mm-borosilicate-2,210.34717861426876,756521550.0,8078.842403647447,25782265.0,0.010680315728385037,16362451.0,sharp
C:\Users\justi\Downloads\coursework\testing_4mm\Modular\OUTPUT\20mm-borosilicate-2\sphere0795v_crop.png,sphere0795v_crop.png,20mm-borosilicate-2,209.31214709000122,757187776.0,8078.819688309066,25866296.0,0.010614474395225894,16361016.0,sharp
C:\Users\justi\Downloads\coursework\testing_4mm\Modular\OUTPUT\20mm-borosilicate-2\sphere0821v_crop.png,sphere0821v_crop.png,20mm-borosilicate-2,196.73317365775193,688766888.0,7396.725921340914,23082579.0,0.011393441039513893,14998929.0,sharp
C:\Users\justi\Downloads\coursework\testing_4mm\Modular\OUTPUT\20mm-borosilicate-2\sphere0822v_crop.png,sphere0822v_crop.png,20mm-borosilicate-2,187.42107603715223,680057184.0,7297.972653271327,22690334.0,0.010995177414896168,14688916.0,sharp
C:\Users\justi\Downloads\coursework\testing_4mm\Modular\OUTPUT\20mm-borosilicate-2\sphere0833v_crop.png,sphere0833v_crop.png,20mm-borosilicate-2,174.02038390393005,650532244.0,6913.857029778828,21815944.0,0.010552170371500677,13925734.0,sharp
C:\Users\justi\Downloads\coursework\testing_4mm\Modular\OUTPUT\20mm-borosilicate-2\sphere0836v_crop.png,sphere0836v_crop.png,20mm-borosilicate-2,198.47470746368307,651837036.0,6947.965723518098,22118813.0,0.01257951286141611,14430599.0,sharp
C:\Users\justi\Downloads\coursework\testing_4mm\Modular\OUTPUT\20mm-borosilicate-2\sphere0840v_crop.png,sphere0840v_crop.png,20mm-borosilicate-2,190.20854360745875,636503906.0,6726.578004480783,21480628.0,0.012016825755002777,14009379.0,sharp
C:\Users\justi\Downloads\coursework\testing_4mm\Modular\OUTPUT\40mm\sphere1202g_crop.png,sphere1202g_crop.png,40mm,181.78739020118118,271902632.0,2875.6734723073164,10311417.0,0.00667980635912315,7663528.0,sharp
C:\Users\justi\Downloads\coursework\testing_4mm\Modular\OUTPUT\40mm\sphere1204g_crop.png,sphere1204g_crop.png,40mm,189.29187182791395,270232584.0,2846.263563839489,10334204.0,0.00693162966280942,7697917.0,sharp
C:\Users\justi\Downloads\coursework\testing_4mm\Modular\OUTPUT\40mm\sphere1207g_crop.png,sphere1207g_crop.png,40mm,181.4642258191997,279844028.0,2950.5084788215477,10572477.0,0.006322914343195225,7729253.0,sharp
C:\Users\justi\Downloads\coursework\testing_4mm\Modular\OUTPUT\40mm\sphere1209g_crop.png,sphere1209g_crop.png,40mm,182.7597580381416,268724344.0,2833.3790732266457,10100303.0,0.0067473965311305,7586283.0,sharp
C:\Users\justi\Downloads\coursework\testing_4mm\Modular\OUTPUT\40mm\sphere1212g_crop.png,sphere1212g_crop.png,40mm,192.36772007151112,264127202.0,2778.6043080547906,9985274.0,0.007229200960188889,7645075.0,sharp
C:\Users\justi\Downloads\coursework\testing_4mm\Modular\OUTPUT\40mm\sphere1213g_crop.png,sphere1213g_crop.png,40mm,203.76401078394215,263698062.0,2776.485682702545,10061279.0,0.007810585732882444,7816363.0,sharp
C:\Users\justi\Downloads\coursework\testing_4mm\Modular\OUTPUT\40mm\sphere1214g_crop.png,sphere1214g_crop.png,40mm,177.47559346013696,260246004.0,2739.037928385155,9746624.0,0.006681150520850796,7338867.0,sharp
C:\Users\justi\Downloads\coursework\testing_4mm\Modular\OUTPUT\40mm\sphere1216g_crop.png,sphere1216g_crop.png,40mm,190.31938041990438,273697308.0,2891.819956072514,10304963.0,0.0069500677168514826,7794028.0,sharp
C:\Users\justi\Downloads\coursework\testing_4mm\Modular\OUTPUT\40mm\sphere1217g_crop.png,sphere1217g_crop.png,40mm,177.63091470170997,270860308.0,2858.559557905327,10104571.0,0.006427100654896432,7539007.0,sharp
C:\Users\justi\Downloads\coursework\testing_4mm\Modular\OUTPUT\40mm\sphere1221g_crop.png,sphere1221g_crop.png,40mm,196.74821588500134,254057500.0,2675.768150384597,9676511.0,0.007899497827822302,7552664.0,sharp
C:\Users\justi\Downloads\coursework\testing_4mm\Modular\OUTPUT\40mm\sphere1222g_crop.png,sphere1222g_crop.png,40mm,179.76547868127207,266843628.0,2808.8708158760255,9892756.0,0.006499595305855033,7448860.0,sharp
C:\Users\justi\Downloads\coursework\testing_4mm\Modular\OUTPUT\40mm\sphere1223g_crop.png,sphere1223g_crop.png,40mm,180.2770054319473,270011090.0,2844.017951469946,10093451.0,0.006407685823343693,7508585.0,sharp
C:\Users\justi\Downloads\coursework\testing_4mm\Modular\OUTPUT\40mm\sphere1226g_crop.png,sphere1226g_crop.png,40mm,188.29034251026192,277224304.0,2929.2760260238074,10489202.0,0.006749430448258721,7833646.0,sharp
C:\Users\justi\Downloads\coursework\testing_4mm\Modular\OUTPUT\40mm\sphere1227g_crop.png,sphere1227g_crop.png,40mm,180.53218089870757,272204274.0,2868.969331401982,10179486.0,0.006448684494530382,7587481.0,sharp
C:\Users\justi\Downloads\coursework\testing_4mm\Modular\OUTPUT\40mm\sphere1228g_crop.png,sphere1228g_crop.png,40mm,178.1261908781908,268350326.0,2832.069035139588,10026678.0,0.006530818095552658,7479863.0,sharp
C:\Users\justi\Downloads\coursework\testing_4mm\Modular\OUTPUT\40mm\sphere1229g_crop.png,sphere1229g_crop.png,40mm,191.42008849017975,275769508.0,2908.7233096796176,10488499.0,0.006878822549989656,7817931.0,sharp
C:\Users\justi\Downloads\coursework\testing_4mm\Modular\OUTPUT\40mm\sphere1230g_crop.png,sphere1230g_crop.png,40mm,216.747017118906,204445130.0,2136.619117002167,8338347.0,0.011444204834704985,6923416.0,sharp
C:\Users\justi\Downloads\coursework\testing_4mm\Modular\OUTPUT\40mm\sphere1231g_crop.png,sphere1231g_crop.png,40mm,207.96357110748798,278314318.0,2933.9664843702926,10695899.0,0.007525799325490166,8146137.0,sharp
C:\Users\justi\Downloads\coursework\testing_4mm\Modular\OUTPUT\40mm\sphere1233g_crop.png,sphere1233g_crop.png,40mm,180.37931341643818,277281924.0,2928.818468451948,10548117.0,0.006416190146043105,7704525.0,sharp
C:\Users\justi\Downloads\coursework\testing_4mm\Modular\OUTPUT\40mm\sphere1234g_crop.png,sphere1234g_crop.png,40mm,177.0568607969571,274335522.0,2896.216069782164,10367169.0,0.006351724459801308,7584710.0,sharp
C:\Users\justi\Downloads\coursework\testing_4mm\Modular\OUTPUT\40mm\sphere1236g_crop.png,sphere1236g_crop.png,40mm,185.51216885440152,308610676.0,3273.956233942339,11722181.0,0.00591584089192863,8343776.0,sharp
C:\Users\justi\Downloads\coursework\testing_4mm\Modular\OUTPUT\40mm\sphere1237g_crop.png,sphere1237g_crop.png,40mm,192.98894571190792,300093632.0,3181.9690116837382,11512377.0,0.006408315013937167,8337485.0,sharp
C:\Users\justi\Downloads\coursework\testing_4mm\Modular\OUTPUT\40mm\sphere1238g_crop.png,sphere1238g_crop.png,40mm,202.53525899389115,313281890.0,3324.286936338302,11990778.0,0.0064502046718996325,8730474.0,sharp
C:\Users\justi\Downloads\coursework\testing_4mm\Modular\OUTPUT\40mm\sphere1239g_crop.png,sphere1239g_crop.png,40mm,205.54366174550904,317465964.0,3370.376421954239,12172341.0,0.0064673205777584135,8855062.0,sharp
C:\Users\justi\Downloads\coursework\testing_4mm\Modular\OUTPUT\40mm\sphere1241g_crop.png,sphere1241g_crop.png,40mm,180.79713734030523,304241352.0,3225.2424674194044,11413382.0,0.005770844341941735,8183390.0,sharp
C:\Users\justi\Downloads\coursework\testing_4mm\Modular\OUTPUT\40mm\sphere1242g_crop.png,sphere1242g_crop.png,40mm,191.54007080626158,310163392.0,3293.7961633794466,11736197.0,0.006096776849936048,8482809.0,sharp
C:\Users\justi\Downloads\coursework\testing_4mm\Modular\OUTPUT\40mm\sphere1244g_crop.png,sphere1244g_crop.png,40mm,177.17946608008864,318594124.0,3381.6748310658077,11829927.0,0.005291054690882795,8351880.0,sharp
C:\Users\justi\Downloads\coursework\testing_4mm\Modular\OUTPUT\40mm\sphere1248g_crop.png,sphere1248g_crop.png,40mm,191.9275655046445,287942766.0,3043.8029235192616,10868407.0,0.006572540171496789,8051115.0,sharp
C:\Users\justi\Downloads\coursework\testing_4mm\Modular\OUTPUT\40mm\sphere1249g_crop.png,sphere1249g_crop.png,40mm,180.4834803724705,305412590.0,3239.183595451131,11349464.0,0.005711396082502889,8185558.0,sharp
C:\Users\justi\Downloads\coursework\testing_4mm\Modular\OUTPUT\40mm\sphere1250g_crop.png,sphere1250g_crop.png,40mm,176.71557932901686,295229130.0,3125.837912522647,11009629.0,0.005768269937261069,7948146.0,sharp
C:\Users\justi\Downloads\coursework\testing_4mm\Modular\OUTPUT\40mm\sphere1253g_crop.png,sphere1253g_crop.png,40mm,200.42140379540163,299634424.0,3173.866961161939,11330303.0,0.006638837213679336,8436970.0,sharp
C:\Users\justi\Downloads\coursework\testing_4mm\Modular\OUTPUT\40mm\sphere1256g_crop.png,sphere1256g_crop.png,40mm,195.43791258865616,309219196.0,3279.132117792517,11640847.0,0.006216607156446434,8528955.0,sharp
C:\Users\justi\Downloads\coursework\testing_4mm\Modular\OUTPUT\40mm\sphere1257g_crop.png,sphere1257g_crop.png,40mm,178.02440875491672,301348078.0,3198.5830868915623,11299003.0,0.005767845597390967,8097673.0,sharp
C:\Users\justi\Downloads\coursework\testing_4mm\Modular\OUTPUT\40mm\sphere1258g_crop.png,sphere1258g_crop.png,40mm,175.78871261427113,298752218.0,3160.882904621092,11128813.0,0.005625262727063849,7976273.0,sharp
C:\Users\justi\Downloads\coursework\testing_4mm\Modular\OUTPUT\40mm\sphere1258v_crop.png,sphere1258v_crop.png,40mm,180.7413379568369,732340440.0,7816.653573397813,24636172.0,0.008025358668450359,15385569.0,sharp
C:\Users\justi\Downloads\coursework\testing_4mm\Modular\OUTPUT\40mm\sphere1259g_crop.png,sphere1259g_crop.png,40mm,190.54395198358407,315790810.0,3355.152840230547,11897190.0,0.005941031773058943,8574200.0,sharp
C:\Users\justi\Downloads\coursework\testing_4mm\Modular\OUTPUT\40mm\sphere1262g_crop.png,sphere1262g_crop.png,40mm,180.44530491744038,290468408.0,3075.3649174680954,11003631.0,0.005642522183305873,7939759.0,sharp
C:\Users\justi\Downloads\coursework\testing_4mm\Modular\OUTPUT\40mm\sphere1264g_crop.png,sphere1264g_crop.png,40mm,176.41896140251228,286623658.0,3035.7142983638373,10747681.0,0.005712068444924637,7796791.0,sharp
C:\Users\justi\Downloads\coursework\testing_4mm\Modular\OUTPUT\40mm\sphere1265g_crop.png,sphere1265g_crop.png,40mm,185.67220544356562,307125696.0,3259.2279097125092,11477450.0,0.005624155171292098,8314829.0,sharp
C:\Users\justi\Downloads\coursework\testing_4mm\Modular\OUTPUT\40mm\sphere1278g_crop.png,sphere1278g_crop.png,40mm,178.80341612693627,274746670.0,2900.6729110627593,10551205.0,0.00628430932334207,7608638.0,sharp
C:\Users\justi\Downloads\coursework\testing_4mm\Modular\OUTPUT\40mm\sphere1279v_crop.png,sphere1279v_crop.png,40mm,224.87350447337985,771227704.0,8213.899668968395,26104414.0,0.009740735774702625,16885008.0,sharp
C:\Users\justi\Downloads\coursework\testing_4mm\Modular\OUTPUT\40mm\sphere1283g_crop.png,sphere1283g_crop.png,40mm,185.65755057363,314371062.0,3334.567091172579,11815217.0,0.00561227955677673,8439281.0,sharp
C:\Users\justi\Downloads\coursework\testing_4mm\Modular\OUTPUT\40mm\sphere1286v_crop.png,sphere1286v_crop.png,40mm,230.15082769127574,765148602.0,8140.229764789011,25882200.0,0.010097799291194105,16892134.0,sharp
C:\Users\justi\Downloads\coursework\testing_4mm\Modular\OUTPUT\40mm\sphere1287g_crop.png,sphere1287g_crop.png,40mm,175.74121611312322,303345210.0,3213.010465044708,11319656.0,0.0054700779591951056,8074175.0,sharp
C:\Users\justi\Downloads\coursework\testing_4mm\Modular\OUTPUT\40mm\sphere1288g_crop.png,sphere1288g_crop.png,40mm,179.01482710494773,305842056.0,3237.0003039169474,11408270.0,0.005487132063396338,8161929.0,sharp
C:\Users\justi\Downloads\coursework\testing_4mm\Modular\OUTPUT\40mm\sphere1289g_crop.png,sphere1289g_crop.png,40mm,189.36810805723118,304786996.0,3224.400525144275,11504867.0,0.005873700892334354,8325796.0,sharp
C:\Users\justi\Downloads\coursework\testing_4mm\Modular\OUTPUT\40mm\sphere1293v_crop.png,sphere1293v_crop.png,40mm,196.91415548692106,733763036.0,7784.076295418983,24561052.0,0.008615889420639478,15703960.0,sharp
C:\Users\justi\Downloads\coursework\testing_4mm\Modular\OUTPUT\4mm-borosilicate\sphere0843g_crop.png,sphere0843g_crop.png,4mm-borosilicate,433.9613969675756,252519290.0,2599.367314670068,11190256.0,0.018758351299839802,11219301.0,sharp
C:\Users\justi\Downloads\coursework\testing_4mm\Modular\OUTPUT\4mm-borosilicate\sphere0844g_crop.png,sphere0844g_crop.png,4mm-borosilicate,408.9378563073522,246569928.0,2538.824466002805,10819756.0,0.017892695611993605,10670233.0,sharp
C:\Users\justi\Downloads\coursework\testing_4mm\Modular\OUTPUT\4mm-borosilicate\sphere0845g_crop.png,sphere0845g_crop.png,4mm-borosilicate,417.8824881651574,251852506.0,2593.177258740119,10965637.0,0.01770811470022782,10885103.0,sharp
C:\Users\justi\Downloads\coursework\testing_4mm\Modular\OUTPUT\4mm-borosilicate\sphere0846g_crop.png,sphere0846g_crop.png,4mm-borosilicate,454.66644177805915,251482726.0,2583.5762839725276,11303501.0,0.019721048738518876,11441297.0,sharp
C:\Users\justi\Downloads\coursework\testing_4mm\Modular\OUTPUT\4mm-borosilicate\sphere0847g_crop.png,sphere0847g_crop.png,4mm-borosilicate,415.39946041553316,250281796.0,2575.884723804048,10912881.0,0.017638430184473593,10785002.0,sharp
C:\Users\justi\Downloads\coursework\testing_4mm\Modular\OUTPUT\4mm-borosilicate\sphere0848g_crop.png,sphere0848g_crop.png,4mm-borosilicate,388.18384468937035,249696990.0,2573.0088223956627,10850795.0,0.01635124367075539,10437786.0,sharp
C:\Users\justi\Downloads\coursework\testing_4mm\Modular\OUTPUT\4mm-borosilicate\sphere0849g_crop.png,sphere0849g_crop.png,4mm-borosilicate,403.8986521146527,221525528.0,2250.4325054289448,9934785.0,0.017884189835186443,10118167.0,sharp
C:\Users\justi\Downloads\coursework\testing_4mm\Modular\OUTPUT\4mm-borosilicate\sphere0850g_crop.png,sphere0850g_crop.png,4mm-borosilicate,441.7997596437767,250188972.0,2568.923061964685,11172219.0,0.018989773097800578,11214604.0,sharp
C:\Users\justi\Downloads\coursework\testing_4mm\Modular\OUTPUT\4mm-borosilicate\sphere0851g_crop.png,sphere0851g_crop.png,4mm-borosilicate,411.0898372319793,246307580.0,2520.3732104126316,10635254.0,0.016940264280740122,10639574.0,sharp
C:\Users\justi\Downloads\coursework\testing_4mm\Modular\OUTPUT\4mm-borosilicate\sphere0852g_crop.png,sphere0852g_crop.png,4mm-borosilicate,389.06421284860414,248460472.0,2558.381008126017,10736958.0,0.016394867307807856,10419223.0,sharp
C:\Users\justi\Downloads\coursework\testing_4mm\Modular\OUTPUT\4mm-borosilicate\sphere0853g_crop.png,sphere0853g_crop.png,4mm-borosilicate,373.6219180954296,235885684.0,2422.0453959814317,10150219.0,0.016245400232317256,9930211.0,sharp
C:\Users\justi\Downloads\coursework\testing_4mm\Modular\OUTPUT\4mm-borosilicate\sphere0854g_crop.png,sphere0854g_crop.png,4mm-borosilicate,342.1738886300688,259327236.0,2683.3583168199816,10942426.0,0.013315240360523438,9830445.0,sharp
C:\Users\justi\Downloads\coursework\testing_4mm\Modular\OUTPUT\4mm-borosilicate\sphere0855g_crop.png,sphere0855g_crop.png,4mm-borosilicate,383.44844405321885,247669264.0,2551.6596591017174,10786278.0,0.016294567753652327,10322262.0,sharp
C:\Users\justi\Downloads\coursework\testing_4mm\Modular\OUTPUT\4mm-borosilicate\sphere0856g_crop.png,sphere0856g_crop.png,4mm-borosilicate,374.0531164131369,234068704.0,2392.318355013397,10016692.0,0.015535227284359467,9749125.0,sharp
C:\Users\justi\Downloads\coursework\testing_4mm\Modular\OUTPUT\4mm-borosilicate\sphere0857g_crop.png,sphere0857g_crop.png,4mm-borosilicate,435.06893961432525,256615778.0,2639.0421856800394,11375764.0,0.01823360655046093,11234686.0,sharp
C:\Users\justi\Downloads\coursework\testing_4mm\Modular\OUTPUT\4mm-borosilicate\sphere0858g_crop.png,sphere0858g_crop.png,4mm-borosilicate,359.4086393971704,254654696.0,2628.9928569466365,10906806.0,0.01441804586771431,10016513.0,sharp
C:\Users\justi\Downloads\coursework\testing_4mm\Modular\OUTPUT\4mm-borosilicate\sphere0859g_crop.png,sphere0859g_crop.png,4mm-borosilicate,428.1153832280651,250501856.0,2573.2456555518356,11072729.0,0.01841941153775284,11027832.0,sharp
C:\Users\justi\Downloads\coursework\testing_4mm\Modular\OUTPUT\4mm-borosilicate\sphere0860g_crop.png,sphere0860g_crop.png,4mm-borosilicate,395.5549294800228,250193558.0,2575.352880153525,10881015.0,0.016429425495315245,10482476.0,sharp
C:\Users\justi\Downloads\coursework\testing_4mm\Modular\OUTPUT\4mm-borosilicate\sphere0861g_crop.png,sphere0861g_crop.png,4mm-borosilicate,611.9337739030082,221995374.0,2262.615798074352,10998466.0,0.03550204807083621,13456164.0,sharp
C:\Users\justi\Downloads\coursework\testing_4mm\Modular\OUTPUT\4mm-borosilicate\sphere0862g_crop.png,sphere0862g_crop.png,4mm-borosilicate,663.1955954344162,205685018.0,2092.7053890013667,10601095.0,0.04522051979746211,13899833.0,sharp
C:\Users\justi\Downloads\coursework\testing_4mm\Modular\OUTPUT\4mm-borosilicate\sphere0889g_crop.png,sphere0889g_crop.png,4mm-borosilicate,331.91611061021104,263920252.0,2720.8051909084024,10898955.0,0.01199701900678107,9766199.0,sharp
C:\Users\justi\Downloads\coursework\testing_4mm\Modular\OUTPUT\4mm-borosilicate\sphere0892g_crop.png,sphere0892g_crop.png,4mm-borosilicate,329.90098595910047,265959398.0,2750.124734363731,11057771.0,0.012075816998388248,9774344.0,sharp
C:\Users\justi\Downloads\coursework\testing_4mm\Modular\OUTPUT\4mm-borosilicate\sphere0893g_crop.png,sphere0893g_crop.png,4mm-borosilicate,340.37444304192564,262090582.0,2707.53410335673,11035922.0,0.01274244223296462,9857166.0,sharp
C:\Users\justi\Downloads\coursework\testing_4mm\Modular\OUTPUT\4mm-borosilicate\sphere0894g_crop.png,sphere0894g_crop.png,4mm-borosilicate,325.4212828136622,264912166.0,2743.373432435757,11033172.0,0.012046637917347867,9703256.0,sharp
C:\Users\justi\Downloads\coursework\testing_4mm\Modular\OUTPUT\4mm-borosilicate\sphere0895g_crop.png,sphere0895g_crop.png,4mm-borosilicate,396.4372727128799,255069766.0,2621.2201947255066,11079839.0,0.015759725522131795,10598613.0,sharp
C:\Users\justi\Downloads\coursework\testing_4mm\Modular\OUTPUT\4mm-borosilicate\sphere0896g_crop.png,sphere0896g_crop.png,4mm-borosilicate,327.3470895389938,267691036.0,2771.816468803893,11253602.0,0.011931084183052129,9759411.0,sharp
C:\Users\justi\Downloads\coursework\testing_4mm\Modular\OUTPUT\4mm-borosilicate\sphere0898g_crop.png,sphere0898g_crop.png,4mm-borosilicate,337.67937649000004,272224306.0,2817.066530044143,11332895.0,0.012152149217195131,10009260.0,sharp
C:\Users\justi\Downloads\coursework\testing_4mm\Modular\OUTPUT\4mm-borosilicate\sphere0901g_crop.png,sphere0901g_crop.png,4mm-borosilicate,325.9817586531001,261002724.0,2699.0523038996466,10796399.0,0.012111629172502764,9544428.0,sharp
C:\Users\justi\Downloads\coursework\testing_4mm\Modular\OUTPUT\4mm-borosilicate\sphere0902g_crop.png,sphere0902g_crop.png,4mm-borosilicate,328.111127288127,262927892.0,2719.840259239692,10930848.0,0.0121558958855148,9674226.0,sharp
C:\Users\justi\Downloads\coursework\testing_4mm\Modular\OUTPUT\4mm-borosilicate\sphere0903g_crop.png,sphere0903g_crop.png,4mm-borosilicate,327.97432736326226,275127774.0,2849.79727253557,11452886.0,0.01166520059252507,9947729.0,sharp
C:\Users\justi\Downloads\coursework\testing_4mm\Modular\OUTPUT\4mm-borosilicate\sphere0904g_crop.png,sphere0904g_crop.png,4mm-borosilicate,333.82188936757484,257539490.0,2656.4482397132115,10817875.0,0.01256969548384157,9657678.0,sharp
C:\Users\justi\Downloads\coursework\testing_4mm\Modular\OUTPUT\4mm-borosilicate\sphere0906g_crop.png,sphere0906g_crop.png,4mm-borosilicate,339.1872716681416,267975060.0,2771.67057396173,11196374.0,0.0123822641179437,9921420.0,sharp
C:\Users\justi\Downloads\coursework\testing_4mm\Modular\OUTPUT\4mm-borosilicate\sphere0907g_crop.png,sphere0907g_crop.png,4mm-borosilicate,325.7911630168644,266819900.0,2759.9193398453585,11095884.0,0.011925109429970548,9749050.0,sharp
C:\Users\justi\Downloads\coursework\testing_4mm\Modular\OUTPUT\4mm-borosilicate\sphere0911g_crop.png,sphere0911g_crop.png,4mm-borosilicate,342.7038511478436,266186624.0,2750.6142326183317,11176245.0,0.01259620325309952,9946283.0,sharp
C:\Users\justi\Downloads\coursework\testing_4mm\Modular\OUTPUT\4mm-borosilicate\sphere0917g_crop.png,sphere0917g_crop.png,4mm-borosilicate,328.15944415831586,266082188.0,2753.858182076407,11199826.0,0.012124344027419943,9748784.0,sharp
C:\Users\justi\Downloads\coursework\testing_4mm\Modular\OUTPUT\4mm-borosilicate\sphere0920g_crop.png,sphere0920g_crop.png,4mm-borosilicate,336.3529480819809,272696984.0,2826.5727239569615,11550238.0,0.012299848595086187,10059125.0,sharp
C:\Users\justi\Downloads\coursework\testing_4mm\Modular\OUTPUT\4mm-borosilicate\sphere0921g_crop.png,sphere0921g_crop.png,4mm-borosilicate,334.1265011545292,271142380.0,2804.0774223749654,11291062.0,0.012046151027560893,9923569.0,sharp
C:\Users\justi\Downloads\coursework\testing_4mm\Modular\OUTPUT\4mm-borosilicate\sphere0924g_crop.png,sphere0924g_crop.png,4mm-borosilicate,329.77620085525933,262291020.0,2709.779901324083,11062188.0,0.012244177955921287,9681232.0,sharp
C:\Users\justi\Downloads\coursework\testing_4mm\Modular\OUTPUT\4mm-borosilicate\sphere0943g_crop.png,sphere0943g_crop.png,4mm-borosilicate,402.5664531468962,254598640.0,2620.507017002127,11054391.0,0.01684065360822911,10752301.0,sharp
C:\Users\justi\Downloads\coursework\testing_4mm\Modular\OUTPUT\4mm-borosilicate\sphere0944g_crop.png,sphere0944g_crop.png,4mm-borosilicate,407.7087836815505,246561218.0,2536.7590496394705,10734310.0,0.01766293697301453,10641225.0,sharp
C:\Users\justi\Downloads\coursework\testing_4mm\Modular\OUTPUT\4mm-borosilicate\sphere0945g_crop.png,sphere0945g_crop.png,4mm-borosilicate,399.2042387680355,256520722.0,2646.2383269202574,11136323.0,0.016367065955252207,10695006.0,sharp
C:\Users\justi\Downloads\coursework\testing_4mm\Modular\OUTPUT\4mm-borosilicate\sphere0946g_crop.png,sphere0946g_crop.png,4mm-borosilicate,422.6240003181705,256522648.0,2636.359082589938,11154363.0,0.017528442046873524,11106654.0,sharp
C:\Users\justi\Downloads\coursework\testing_4mm\Modular\OUTPUT\4mm-borosilicate\sphere0947g_crop.png,sphere0947g_crop.png,4mm-borosilicate,402.0132970446457,253210180.0,2601.4383925308925,10842459.0,0.01637215763141821,10639293.0,sharp
C:\Users\justi\Downloads\coursework\testing_4mm\Modular\OUTPUT\4mm-borosilicate\sphere0948g_crop.png,sphere0948g_crop.png,4mm-borosilicate,391.3405792291024,249658344.0,2571.3669800109037,10765691.0,0.01627997694106498,10415524.0,sharp
C:\Users\justi\Downloads\coursework\testing_4mm\Modular\OUTPUT\4mm-borosilicate\sphere0949g_crop.png,sphere0949g_crop.png,4mm-borosilicate,404.26596006607673,254407470.0,2615.314041212303,10997549.0,0.016541293712141747,10699329.0,sharp
C:\Users\justi\Downloads\coursework\testing_4mm\Modular\OUTPUT\4mm-borosilicate\sphere0950g_crop.png,sphere0950g_crop.png,4mm-borosilicate,457.6078871716162,254144632.0,2607.585360978415,11161328.0,0.0193195194047748,11495893.0,sharp
C:\Users\justi\Downloads\coursework\testing_4mm\Modular\OUTPUT\4mm-borosilicate\sphere0951g_crop.png,sphere0951g_crop.png,4mm-borosilicate,460.40337052598454,240846136.0,2469.884913274146,10785567.0,0.020978648258563496,11341487.0,sharp
C:\Users\justi\Downloads\coursework\testing_4mm\Modular\OUTPUT\4mm-borosilicate\sphere0952g_crop.png,sphere0952g_crop.png,4mm-borosilicate,452.3516997442247,245716098.0,2524.6769634790508,10928529.0,0.020155864581576994,11325939.0,sharp
C:\Users\justi\Downloads\coursework\testing_4mm\Modular\OUTPUT\4mm-borosilicate\sphere0953g_crop.png,sphere0953g_crop.png,4mm-borosilicate,411.8774958501431,257087650.0,2650.6904725188815,11126111.0,0.017036653630669668,10914107.0,sharp
C:\Users\justi\Downloads\coursework\testing_4mm\Modular\OUTPUT\4mm-borosilicate\sphere0954g_crop.png,sphere0954g_crop.png,4mm-borosilicate,442.5287086774263,262288946.0,2695.2728585746163,11392947.0,0.01771805999239204,11397387.0,sharp
C:\Users\justi\Downloads\coursework\testing_4mm\Modular\OUTPUT\4mm-borosilicate\sphere0955g_crop.png,sphere0955g_crop.png,4mm-borosilicate,425.8897952035636,249436980.0,2558.882475865896,10782930.0,0.01791135738503985,10939587.0,sharp
C:\Users\justi\Downloads\coursework\testing_4mm\Modular\OUTPUT\4mm-borosilicate\sphere0956g_crop.png,sphere0956g_crop.png,4mm-borosilicate,392.9765320275104,248273352.0,2557.211561474748,10712557.0,0.01668486259742611,10480105.0,sharp
C:\Users\justi\Downloads\coursework\testing_4mm\Modular\OUTPUT\4mm-borosilicate\sphere0957g_crop.png,sphere0957g_crop.png,4mm-borosilicate,428.5566030643126,244155448.0,2504.256314101212,10746130.0,0.018629511991975278,10902955.0,sharp
C:\Users\justi\Downloads\coursework\testing_4mm\Modular\OUTPUT\4mm-borosilicate\sphere0958g_crop.png,sphere0958g_crop.png,4mm-borosilicate,433.1285439127359,259041548.0,2666.410629215732,11514948.0,0.01802995585481715,11276368.0,sharp
C:\Users\justi\Downloads\coursework\testing_4mm\Modular\OUTPUT\4mm-borosilicate\sphere0959g_crop.png,sphere0959g_crop.png,4mm-borosilicate,407.7186233546586,249368696.0,2569.7359824209393,10868681.0,0.01748244028177754,10704378.0,sharp
C:\Users\justi\Downloads\coursework\testing_4mm\Modular\OUTPUT\4mm-borosilicate\sphere0960g_crop.png,sphere0960g_crop.png,4mm-borosilicate,470.6891883490998,240985946.0,2471.765095584564,10804314.0,0.02165907726805382,11514391.0,sharp
C:\Users\justi\Downloads\coursework\testing_4mm\Modular\OUTPUT\4mm-borosilicate\sphere0961g_crop.png,sphere0961g_crop.png,4mm-borosilicate,390.1480216675747,247842340.0,2549.534370088987,10719416.0,0.016507144749676534,10437880.0,sharp
C:\Users\justi\Downloads\coursework\testing_4mm\Modular\OUTPUT\4mm-borosilicate\sphere0962g_crop.png,sphere0962g_crop.png,4mm-borosilicate,449.81046838883833,248951992.0,2550.081283976456,10996470.0,0.019416098563164938,11387531.0,sharp
C:\Users\justi\Downloads\coursework\testing_4mm\Modular\OUTPUT\4mm-borosilicate\sphere0963g_crop.png,sphere0963g_crop.png,4mm-borosilicate,397.49900685234434,254216174.0,2616.39580105402,10947461.0,0.016304413214153685,10663562.0,sharp
C:\Users\justi\Downloads\coursework\testing_4mm\Modular\OUTPUT\4mm-borosilicate\sphere0964g_crop.png,sphere0964g_crop.png,4mm-borosilicate,374.86190702414217,252686748.0,2605.8097667088955,10886316.0,0.015332592617144014,10278500.0,sharp
C:\Users\justi\Downloads\coursework\testing_4mm\Modular\OUTPUT\4mm-borosilicate\sphere0965g_crop.png,sphere0965g_crop.png,4mm-borosilicate,389.4243087378447,253878266.0,2612.720748365423,10895363.0,0.015810451312866042,10529405.0,sharp
C:\Users\justi\Downloads\coursework\testing_4mm\Modular\OUTPUT\4mm-borosilicate\sphere0966g_crop.png,sphere0966g_crop.png,4mm-borosilicate,368.9979133475426,256721880.0,2653.7827380312006,11082247.0,0.014880670358181195,10229665.0,sharp
C:\Users\justi\Downloads\coursework\testing_4mm\Modular\OUTPUT\5mm-borosilicate\sphere0225v_crop.png,sphere0225v_crop.png,5mm-borosilicate,239.39967422422617,723586552.0,7699.251166113218,24840388.0,0.02278313289736951,16424688.0,sharp
C:\Users\justi\Downloads\coursework\testing_4mm\Modular\OUTPUT\5mm-borosilicate\sphere0228v_crop.png,sphere0228v_crop.png,5mm-borosilicate,240.27534835387155,729835128.0,7771.319546870056,24948709.0,0.022880937067010363,16541515.0,sharp
C:\Users\justi\Downloads\coursework\testing_4mm\Modular\OUTPUT\5mm-borosilicate\sphere0238v_crop.png,sphere0238v_crop.png,5mm-borosilicate,237.10637909680295,724125332.0,7709.9321413126,24664455.0,0.022744214204680886,16387284.0,sharp
C:\Users\justi\Downloads\coursework\testing_4mm\Modular\OUTPUT\5mm-borosilicate\sphere0239v_crop.png,sphere0239v_crop.png,5mm-borosilicate,236.1744504481303,717223450.0,7626.716275534645,24523595.0,0.022623394420812952,16257831.0,sharp
C:\Users\justi\Downloads\coursework\testing_4mm\Modular\OUTPUT\5mm-borosilicate\sphere0257v_crop.png,sphere0257v_crop.png,5mm-borosilicate,240.97867969268566,734113398.0,7800.271045407044,25268500.0,0.022397500621697077,16620497.0,sharp
C:\Users\justi\Downloads\coursework\testing_4mm\Modular\OUTPUT\5mm-borosilicate\sphere0267v_crop.png,sphere0267v_crop.png,5mm-borosilicate,240.12154188125297,729671946.0,7762.036102357116,24665517.0,0.021934358318634863,16537697.0,sharp
C:\Users\justi\Downloads\coursework\testing_4mm\Modular\OUTPUT\5mm-borosilicate\sphere0269v_crop.png,sphere0269v_crop.png,5mm-borosilicate,237.21828204255777,722879534.0,7693.908913679641,24478475.0,0.02205449776068397,16367683.0,sharp
C:\Users\justi\Downloads\coursework\testing_4mm\Modular\OUTPUT\5mm-borosilicate\sphere0277v_crop.png,sphere0277v_crop.png,5mm-borosilicate,239.1697159208632,722385448.0,7684.957105560514,24732731.0,0.022037856391344476,16402516.0,sharp
C:\Users\justi\Downloads\coursework\testing_4mm\Modular\OUTPUT\5mm-borosilicate\sphere0281v_crop.png,sphere0281v_crop.png,5mm-borosilicate,236.9420495835735,717167086.0,7629.483646163694,24142393.0,0.022072051126044254,16265412.0,sharp
C:\Users\justi\Downloads\coursework\testing_4mm\Modular\OUTPUT\5mm-borosilicate\sphere0284v_crop.png,sphere0284v_crop.png,5mm-borosilicate,237.06421134076797,720386282.0,7660.388643348365,24250796.0,0.02213411272157453,16317098.0,sharp
C:\Users\justi\Downloads\coursework\testing_4mm\Modular\OUTPUT\5mm-borosilicate\sphere0288v_crop.png,sphere0288v_crop.png,5mm-borosilicate,238.01902620200266,721773080.0,7684.050816319903,24970534.0,0.02284776994750912,16363173.0,sharp
C:\Users\justi\Downloads\coursework\testing_4mm\Modular\OUTPUT\5mm-borosilicate\sphere0290v_crop.png,sphere0290v_crop.png,5mm-borosilicate,235.8722555853774,727949426.0,7746.172006212772,24710106.0,0.02180257608237667,16427534.0,sharp
C:\Users\justi\Downloads\coursework\testing_4mm\Modular\OUTPUT\5mm-borosilicate\sphere0291v_crop.png,sphere0291v_crop.png,5mm-borosilicate,238.81831245035698,723671982.0,7703.278181455681,24619625.0,0.022469356882292305,16415244.0,sharp
C:\Users\justi\Downloads\coursework\testing_4mm\Modular\OUTPUT\5mm-borosilicate\sphere0294v_crop.png,sphere0294v_crop.png,5mm-borosilicate,239.50668000366232,734632322.0,7808.643741551312,25004010.0,0.02283369160677906,16612086.0,sharp
C:\Users\justi\Downloads\coursework\testing_4mm\Modular\OUTPUT\5mm-borosilicate\sphere0299v_crop.png,sphere0299v_crop.png,5mm-borosilicate,236.74045687977184,724190636.0,7706.094980377267,24406433.0,0.022828957082410124,16381019.0,sharp
C:\Users\justi\Downloads\coursework\testing_4mm\Modular\OUTPUT\5mm-borosilicate\sphere0303v_crop.png,sphere0303v_crop.png,5mm-borosilicate,240.77371127458835,727425936.0,7743.416364524307,24599670.0,0.021745791098719335,16512188.0,sharp
C:\Users\justi\Downloads\coursework\testing_4mm\Modular\OUTPUT\5mm-borosilicate\sphere0304v_crop.png,sphere0304v_crop.png,5mm-borosilicate,235.94593292749042,720303038.0,7663.659933631172,24161114.0,0.021694353308672754,16297118.0,sharp
C:\Users\justi\Downloads\coursework\testing_4mm\Modular\OUTPUT\5mm-borosilicate\sphere0305v_crop.png,sphere0305v_crop.png,5mm-borosilicate,237.73412186889377,720150138.0,7658.483196128522,24300707.0,0.021664677385380506,16331666.0,sharp
C:\Users\justi\Downloads\coursework\testing_4mm\Modular\OUTPUT\5mm-borosilicate\sphere0309v_crop.png,sphere0309v_crop.png,5mm-borosilicate,238.5046562948649,722724148.0,7700.549457207269,24290891.0,0.021651339323902136,16390345.0,sharp
C:\Users\justi\Downloads\coursework\testing_4mm\Modular\OUTPUT\5mm-borosilicate\sphere0311v_crop.png,sphere0311v_crop.png,5mm-borosilicate,237.92636930571345,730616750.0,7773.360314156923,24505389.0,0.02148227264219591,16504409.0,sharp
C:\Users\justi\Downloads\coursework\testing_4mm\Modular\OUTPUT\5mm-borosilicate\sphere0312v_crop.png,sphere0312v_crop.png,5mm-borosilicate,238.9640918526135,732457234.0,7790.2938278256615,24542403.0,0.021507160963911354,16554720.0,sharp
C:\Users\justi\Downloads\coursework\testing_4mm\Modular\OUTPUT\5mm-borosilicate\sphere0315v_crop.png,sphere0315v_crop.png,5mm-borosilicate,239.41641218148226,730784626.0,7778.80273781762,24799847.0,0.021767471552652025,16545773.0,sharp
C:\Users\justi\Downloads\coursework\testing_4mm\Modular\OUTPUT\5mm-borosilicate\sphere0316v_crop.png,sphere0316v_crop.png,5mm-borosilicate,238.75724184452054,724022046.0,7704.38091633932,24479764.0,0.02192190645734154,16409072.0,sharp
C:\Users\justi\Downloads\coursework\testing_4mm\Modular\OUTPUT\5mm-borosilicate\sphere0317v_crop.png,sphere0317v_crop.png,5mm-borosilicate,240.70798258141826,735637190.0,7835.181658642202,24944672.0,0.0214584272823022,16651045.0,sharp
C:\Users\justi\Downloads\coursework\testing_4mm\Modular\OUTPUT\5mm-borosilicate\sphere0318v_crop.png,sphere0318v_crop.png,5mm-borosilicate,239.7725870005497,728716212.0,7756.919889604504,24616913.0,0.021865906224900568,16517397.0,sharp
C:\Users\justi\Downloads\coursework\testing_4mm\Modular\OUTPUT\5mm-borosilicate\sphere0322v_crop.png,sphere0322v_crop.png,5mm-borosilicate,238.1150012237976,729149406.0,7771.384522806724,25016163.0,0.02205557545404912,16483504.0,sharp
C:\Users\justi\Downloads\coursework\testing_4mm\Modular\OUTPUT\5mm-borosilicate\sphere0324v_crop.png,sphere0324v_crop.png,5mm-borosilicate,238.06830212425203,724685334.0,7707.238070481909,24676540.0,0.02208888620968301,16414536.0,sharp
C:\Users\justi\Downloads\coursework\testing_4mm\Modular\OUTPUT\5mm-borosilicate-june2021\sphere1050v_crop.png,sphere1050v_crop.png,5mm-borosilicate-june2021,158.95830453420538,549762728.0,5910.570572907845,18716895.0,0.010305406085814737,12026973.0,sharp
C:\Users\justi\Downloads\coursework\testing_4mm\Modular\OUTPUT\5mm-borosilicate-june2021\sphere1058v_crop.png,sphere1058v_crop.png,5mm-borosilicate-june2021,147.47977651094925,564815288.0,6074.369521063887,19061069.0,0.008952433013535514,12028148.0,sharp
C:\Users\justi\Downloads\coursework\testing_4mm\Modular\OUTPUT\5mm-borosilicate-june2021\sphere1059g_crop.png,sphere1059g_crop.png,5mm-borosilicate-june2021,134.52400022979762,252879126.0,2658.324790564906,9781274.0,0.00477044824398673,6503954.0,sharp
C:\Users\justi\Downloads\coursework\testing_4mm\Modular\OUTPUT\5mm-borosilicate-june2021\sphere1063g_crop.png,sphere1063g_crop.png,5mm-borosilicate-june2021,132.5864408913967,262915228.0,2766.7687228222726,10089222.0,0.0043942309549345575,6628722.0,sharp
C:\Users\justi\Downloads\coursework\testing_4mm\Modular\OUTPUT\5mm-borosilicate-june2021\sphere1066v_crop.png,sphere1066v_crop.png,5mm-borosilicate-june2021,134.529079870085,550927118.0,5918.372043485603,18417128.0,0.008080633636228258,11550672.0,sharp
C:\Users\justi\Downloads\coursework\testing_4mm\Modular\OUTPUT\5mm-borosilicate-june2021\sphere1067g_crop.png,sphere1067g_crop.png,5mm-borosilicate-june2021,138.17415750975852,292572916.0,3088.4516871924056,11147376.0,0.004010594884789852,7220129.0,sharp
C:\Users\justi\Downloads\coursework\testing_4mm\Modular\OUTPUT\5mm-borosilicate-june2021\sphere1069g_crop.png,sphere1069g_crop.png,5mm-borosilicate-june2021,132.21114734598243,258434432.0,2719.7114399542766,9917548.0,0.004463425526418684,6546043.0,sharp
C:\Users\justi\Downloads\coursework\testing_4mm\Modular\OUTPUT\5mm-borosilicate-june2021\sphere1076g_crop.png,sphere1076g_crop.png,5mm-borosilicate-june2021,136.81559903463136,266956468.0,2809.536296239223,10351393.0,0.004473258959404608,6774938.0,sharp
C:\Users\justi\Downloads\coursework\testing_4mm\Modular\OUTPUT\5mm-borosilicate-june2021\sphere1077g_crop.png,sphere1077g_crop.png,5mm-borosilicate-june2021,141.7349779093652,284337232.0,2999.2326713531393,10998153.0,0.004348748025720226,7161658.0,sharp
C:\Users\justi\Downloads\coursework\testing_4mm\Modular\OUTPUT\5mm-borosilicate-june2021\sphere1079g_crop.png,sphere1079g_crop.png,5mm-borosilicate-june2021,132.75110493595844,267425620.0,2814.1109338113733,10284061.0,0.004292471059041159,6699521.0,sharp
C:\Users\justi\Downloads\coursework\testing_4mm\Modular\OUTPUT\5mm-borosilicate-june2021\sphere1080g_crop.png,sphere1080g_crop.png,5mm-borosilicate-june2021,134.06875229561055,279155112.0,2941.329160253604,10703993.0,0.0041401770968031715,6923517.0,sharp
C:\Users\justi\Downloads\coursework\testing_4mm\Modular\OUTPUT\5mm-borosilicate-june2021\sphere1081g_crop.png,sphere1081g_crop.png,5mm-borosilicate-june2021,140.59026535414858,279598630.0,2948.4751709247444,10750413.0,0.004384483020772513,7057023.0,sharp
C:\Users\justi\Downloads\coursework\testing_4mm\Modular\OUTPUT\5mm-borosilicate-june2021\sphere1084g_crop.png,sphere1084g_crop.png,5mm-borosilicate-june2021,134.9939622325451,271603618.0,2860.8366297073185,10290505.0,0.004531102103352097,6807913.0,sharp
C:\Users\justi\Downloads\coursework\testing_4mm\Modular\OUTPUT\5mm-borosilicate-june2021\sphere1085g_crop.png,sphere1085g_crop.png,5mm-borosilicate-june2021,145.5294122765081,287128950.0,3030.065730821108,10992269.0,0.004682282479221553,7272485.0,sharp
C:\Users\justi\Downloads\coursework\testing_4mm\Modular\OUTPUT\5mm-borosilicate-june2021\sphere1086g_crop.png,sphere1086g_crop.png,5mm-borosilicate-june2021,142.92673029432714,277516838.0,2924.7691866176883,10623630.0,0.004785844908980362,7071701.0,sharp
C:\Users\justi\Downloads\coursework\testing_4mm\Modular\OUTPUT\5mm-borosilicate-june2021\sphere1088g_crop.png,sphere1088g_crop.png,5mm-borosilicate-june2021,139.68215804090138,267747450.0,2818.568776061088,10178944.0,0.0048012285840025115,6840397.0,sharp
C:\Users\justi\Downloads\coursework\testing_4mm\Modular\OUTPUT\5mm-borosilicate-june2021\sphere1089g_crop.png,sphere1089g_crop.png,5mm-borosilicate-june2021,134.1666854787737,265341920.0,2790.861849728652,10024117.0,0.0046496885132926834,6692125.0,sharp
C:\Users\justi\Downloads\coursework\testing_4mm\Modular\OUTPUT\5mm-borosilicate-june2021\sphere1091g_crop.png,sphere1091g_crop.png,5mm-borosilicate-june2021,137.92319729571975,268610310.0,2828.534796489316,10281934.0,0.0048095872838490004,6828417.0,sharp
C:\Users\justi\Downloads\coursework\testing_4mm\Modular\OUTPUT\5mm-borosilicate-june2021\sphere1091v_crop.png,sphere1091v_crop.png,5mm-borosilicate-june2021,138.2489204261715,571030760.0,6133.646458332614,19204854.0,0.008109233554730262,11945706.0,sharp
C:\Users\justi\Downloads\coursework\testing_4mm\Modular\OUTPUT\5mm-borosilicate-june2021\sphere1092g_crop.png,sphere1092g_crop.png,5mm-borosilicate-june2021,140.06704652178675,287627160.0,3031.0519049953796,10993114.0,0.004370015070277922,7175518.0,sharp
C:\Users\justi\Downloads\coursework\testing_4mm\Modular\OUTPUT\5mm-borosilicate-june2021\sphere1094g_crop.png,sphere1094g_crop.png,5mm-borosilicate-june2021,142.14871682915714,269889406.0,2840.2029046343246,10373747.0,0.004868338674744976,6933066.0,sharp
C:\Users\justi\Downloads\coursework\testing_4mm\Modular\OUTPUT\5mm-borosilicate-june2021\sphere1095g_crop.png,sphere1095g_crop.png,5mm-borosilicate-june2021,132.30145902919506,253817116.0,2664.5883700411678,9745288.0,0.004786387697514996,6470842.0,sharp
C:\Users\justi\Downloads\coursework\testing_4mm\Modular\OUTPUT\5mm-borosilicate-june2021\sphere1097g_crop.png,sphere1097g_crop.png,5mm-borosilicate-june2021,133.57079436027786,284557800.0,2999.8464402047794,10656173.0,0.004053636586167435,6989876.0,sharp
C:\Users\justi\Downloads\coursework\testing_4mm\Modular\OUTPUT\5mm-borosilicate-june2021\sphere1097v_crop.png,sphere1097v_crop.png,5mm-borosilicate-june2021,143.17115576514558,573273304.0,6160.400855255301,18971144.0,0.008357568679898274,12084170.0,sharp
C:\Users\justi\Downloads\coursework\testing_4mm\Modular\OUTPUT\5mm-borosilicate-june2021\sphere1098g_crop.png,sphere1098g_crop.png,5mm-borosilicate-june2021,136.7560160836636,265075728.0,2789.629997454469,10161865.0,0.004676412032425713,6743638.0,sharp
C:\Users\justi\Downloads\coursework\testing_4mm\Modular\OUTPUT\5mm-borosilicate-june2021\sphere1099g_crop.png,sphere1099g_crop.png,5mm-borosilicate-june2021,131.6314159155698,267098716.0,2811.1922986525183,10137665.0,0.004406296917224914,6674582.0,sharp
C:\Users\justi\Downloads\coursework\testing_4mm\Modular\OUTPUT\5mm-borosilicate-june2021\sphere1099v_crop.png,sphere1099v_crop.png,5mm-borosilicate-june2021,144.36850561051364,573804200.0,6166.622536110707,19250046.0,0.008503772113025589,12103371.0,sharp
C:\Users\justi\Downloads\coursework\testing_4mm\Modular\OUTPUT\5mm-borosilicate-june2021\sphere1100g_crop.png,sphere1100g_crop.png,5mm-borosilicate-june2021,133.61765998212314,260441234.0,2737.7777960553976,9959316.0,0.004625309592849057,6604412.0,sharp
C:\Users\justi\Downloads\coursework\testing_4mm\Modular\OUTPUT\5mm-borosilicate-june2021\sphere1104v_crop.png,sphere1104v_crop.png,5mm-borosilicate-june2021,161.18776224534085,589718974.0,6349.688497231124,20031251.0,0.009493047093196358,12713568.0,sharp
C:\Users\justi\Downloads\coursework\testing_4mm\Modular\OUTPUT\5mm-borosilicate-june2021\sphere1105g_crop.png,sphere1105g_crop.png,5mm-borosilicate-june2021,134.85768065212227,263104810.0,2766.3561295061118,10082154.0,0.004552164027307288,6665335.0,sharp
C:\Users\justi\Downloads\coursework\testing_4mm\Modular\OUTPUT\5mm-borosilicate-june2021\sphere1106g_crop.png,sphere1106g_crop.png,5mm-borosilicate-june2021,137.26006946395256,283351704.0,2986.7536589701326,10772703.0,0.0042004990777102244,7048464.0,sharp
C:\Users\justi\Downloads\coursework\testing_4mm\Modular\OUTPUT\5mm-borosilicate-june2021\sphere1109g_crop.png,sphere1109g_crop.png,5mm-borosilicate-june2021,132.089183871393,269057664.0,2832.413002960424,10337578.0,0.004388976054241861,6711768.0,sharp
C:\Users\justi\Downloads\coursework\testing_4mm\Modular\OUTPUT\5mm-borosilicate-june2021\sphere1110v_crop.png,sphere1110v_crop.png,5mm-borosilicate-june2021,169.0461035277085,594292472.0,6400.321568000086,20074493.0,0.00987644689473442,12940549.0,sharp
C:\Users\justi\Downloads\coursework\testing_4mm\Modular\OUTPUT\5mm-borosilicate-june2021\sphere1111g_crop.png,sphere1111g_crop.png,5mm-borosilicate-june2021,133.58885191126336,274902282.0,2894.2513033166106,10518517.0,0.004275834795914444,6843427.0,sharp
C:\Users\justi\Downloads\coursework\testing_4mm\Modular\OUTPUT\5mm-borosilicate-june2021\sphere1111v_crop.png,sphere1111v_crop.png,5mm-borosilicate-june2021,131.43611432044938,551605316.0,5913.710169252369,18572461.0,0.00779796058711427,11483243.0,sharp
C:\Users\justi\Downloads\coursework\testing_4mm\Modular\OUTPUT\5mm-borosilicate-june2021\sphere1113g_crop.png,sphere1113g_crop.png,5mm-borosilicate-june2021,133.02972313852516,261059238.0,2744.5328783137056,10085591.0,0.004533151863878476,6606808.0,sharp
C:\Users\justi\Downloads\coursework\testing_4mm\Modular\OUTPUT\5mm-borosilicate-june2021\sphere1116g_crop.png,sphere1116g_crop.png,5mm-borosilicate-june2021,134.1701167797915,261207508.0,2747.085591132452,9972322.0,0.004604737869411008,6634218.0,sharp
C:\Users\justi\Downloads\coursework\testing_4mm\Modular\OUTPUT\5mm-borosilicate-june2021\sphere1118v_crop.png,sphere1118v_crop.png,5mm-borosilicate-june2021,164.80152024473804,591131250.0,6364.394850116642,19914937.0,0.009766778464386151,12795923.0,sharp
C:\Users\justi\Downloads\coursework\testing_4mm\Modular\OUTPUT\5mm-borosilicate-june2021\sphere1120g_crop.png,sphere1120g_crop.png,5mm-borosilicate-june2021,214.63087526114498,471228960.0,5026.885239737633,13213496.0,0.007202286596635369,11583308.0,sharp
C:\Users\justi\Downloads\coursework\testing_4mm\Modular\OUTPUT\6mm-borosilicate-1\sphere0596v_crop.png,sphere0596v_crop.png,6mm-borosilicate-1,115.95673932653543,559568860.0,5900.006845782123,18625284.0,0.015297534082569383,11286388.0,sharp
C:\Users\justi\Downloads\coursework\testing_4mm\Modular\OUTPUT\6mm-borosilicate-1\sphere0613v_crop.png,sphere0613v_crop.png,6mm-borosilicate-1,118.65965776639834,548227358.0,5738.196231805847,18006429.0,0.015717798103744532,11155035.0,sharp
C:\Users\justi\Downloads\coursework\testing_4mm\Modular\OUTPUT\6mm-borosilicate-1\sphere0616v_crop.png,sphere0616v_crop.png,6mm-borosilicate-1,131.19652725905897,569902316.0,5982.719240504972,18836803.0,0.016949323152485665,11768506.0,sharp
C:\Users\justi\Downloads\coursework\testing_4mm\Modular\OUTPUT\6mm-borosilicate-1\sphere0629v_crop.png,sphere0629v_crop.png,6mm-borosilicate-1,117.7848679010516,556453808.0,5818.024055121916,18097329.0,0.014836569328660053,11261786.0,sharp
C:\Users\justi\Downloads\coursework\testing_4mm\Modular\OUTPUT\6mm-borosilicate-1\sphere0632v_crop.png,sphere0632v_crop.png,6mm-borosilicate-1,973.630969087504,738497342.0,6548.11530195494,28574555.0,0.08855585675138763,27799814.0,sharp
C:\Users\justi\Downloads\coursework\testing_4mm\Modular\OUTPUT\6mm-borosilicate-1\sphere0633v_crop.png,sphere0633v_crop.png,6mm-borosilicate-1,982.854755772633,713544612.0,6235.748106909238,27826078.0,0.088694637185119,27444743.0,sharp
C:\Users\justi\Downloads\coursework\testing_4mm\Modular\OUTPUT\6mm-borosilicate-1\sphere0634v_crop.png,sphere0634v_crop.png,6mm-borosilicate-1,985.2060450811182,736797554.0,6507.146364160343,28758384.0,0.08909070104217832,27965325.0,sharp
C:\Users\justi\Downloads\coursework\testing_4mm\Modular\OUTPUT\6mm-borosilicate-1\sphere0635v_crop.png,sphere0635v_crop.png,6mm-borosilicate-1,1138.544038332639,761734590.0,6593.485925783358,30274510.0,0.1001988480981924,30859624.0,sharp
C:\Users\justi\Downloads\coursework\testing_4mm\Modular\OUTPUT\6mm-borosilicate-1\sphere0636v_crop.png,sphere0636v_crop.png,6mm-borosilicate-1,1105.4273739740192,691977360.0,5789.962490857448,27750944.0,0.09685490193175056,28998158.0,sharp
C:\Users\justi\Downloads\coursework\testing_4mm\Modular\OUTPUT\6mm-borosilicate-1\sphere0637v_crop.png,sphere0637v_crop.png,6mm-borosilicate-1,1144.511847650908,737654204.0,6324.667829572112,29254362.0,0.10250609470298594,30417831.0,sharp
C:\Users\justi\Downloads\coursework\testing_4mm\Modular\OUTPUT\6mm-borosilicate-1\sphere0638v_crop.png,sphere0638v_crop.png,6mm-borosilicate-1,1120.512939809795,703711326.0,5917.666990709433,28107867.0,0.09738998923047734,29388509.0,sharp
C:\Users\justi\Downloads\coursework\testing_4mm\Modular\OUTPUT\6mm-borosilicate-1\sphere0639v_crop.png,sphere0639v_crop.png,6mm-borosilicate-1,1092.1914918508035,723376334.0,6175.406543625153,28697285.0,0.0974071809371982,29418584.0,sharp
C:\Users\justi\Downloads\coursework\testing_4mm\Modular\OUTPUT\6mm-borosilicate-1\sphere0640v_crop.png,sphere0640v_crop.png,6mm-borosilicate-1,1091.6225998529674,719485376.0,6152.083450672662,28268671.0,0.09535976842391826,29218827.0,sharp
C:\Users\justi\Downloads\coursework\testing_4mm\Modular\OUTPUT\6mm-borosilicate-2\sphere0641v_crop.png,sphere0641v_crop.png,6mm-borosilicate-2,1091.6979620975858,733044648.0,6289.7252555235855,29129538.0,0.09793960894982814,29522971.0,sharp
C:\Users\justi\Downloads\coursework\testing_4mm\Modular\OUTPUT\6mm-borosilicate-2\sphere0642v_crop.png,sphere0642v_crop.png,6mm-borosilicate-2,1110.98690197605,763018606.0,6658.726805671572,30008507.0,0.09798569468399887,30465468.0,sharp
C:\Users\justi\Downloads\coursework\testing_4mm\Modular\OUTPUT\6mm-borosilicate-2\sphere0643v_crop.png,sphere0643v_crop.png,6mm-borosilicate-2,1157.5067499953977,773007556.0,6745.14837855615,30735949.0,0.10242889295040167,31322946.0,sharp
C:\Users\justi\Downloads\coursework\testing_4mm\Modular\OUTPUT\6mm-borosilicate-2\sphere0644v_crop.png,sphere0644v_crop.png,6mm-borosilicate-2,1143.4230118856715,763083408.0,6607.318811880156,30048813.0,0.09986245097527084,30884451.0,sharp
C:\Users\justi\Downloads\coursework\testing_4mm\Modular\OUTPUT\6mm-borosilicate-2\sphere0645v_crop.png,sphere0645v_crop.png,6mm-borosilicate-2,1133.5267971241533,781570990.0,6826.793695831285,30932259.0,0.10201856753002267,31142548.0,sharp
C:\Users\justi\Downloads\coursework\testing_4mm\Modular\OUTPUT\6mm-borosilicate-2\sphere0648v_crop.png,sphere0648v_crop.png,6mm-borosilicate-2,958.8601379476437,783444240.0,7102.141013934065,30049114.0,0.08748513429068579,28489755.0,sharp
C:\Users\justi\Downloads\coursework\testing_4mm\Modular\OUTPUT\6mm-borosilicate-2\sphere0654v_crop.png,sphere0654v_crop.png,6mm-borosilicate-2,973.319232410446,771280000.0,6920.272113007735,29714545.0,0.08710849667068644,28412616.0,sharp
C:\Users\justi\Downloads\coursework\testing_4mm\Modular\OUTPUT\6mm-borosilicate-2\sphere0655v_crop.png,sphere0655v_crop.png,6mm-borosilicate-2,985.1458921631299,757265588.0,6751.14810844352,29346386.0,0.0886591620025468,28303302.0,sharp
C:\Users\justi\Downloads\coursework\testing_4mm\Modular\OUTPUT\6mm-borosilicate-2\sphere0658v_crop.png,sphere0658v_crop.png,6mm-borosilicate-2,968.8446691486582,760689054.0,6809.6211914374435,29458643.0,0.08975885301275432,28200427.0,sharp
C:\Users\justi\Downloads\coursework\testing_4mm\Modular\OUTPUT\6mm-borosilicate-2\sphere0659v_crop.png,sphere0659v_crop.png,6mm-borosilicate-2,1007.4620839833253,795936018.0,7173.54338144914,30924174.0,0.09167037461485766,29411585.0,sharp
C:\Users\justi\Downloads\coursework\testing_4mm\Modular\OUTPUT\6mm-borosilicate-2\sphere0661v_crop.png,sphere0661v_crop.png,6mm-borosilicate-2,988.7113300776185,791883776.0,7144.963708267389,30922552.0,0.09067942391930776,29084594.0,sharp
C:\Users\justi\Downloads\coursework\testing_4mm\Modular\OUTPUT\6mm-borosilicate-2\sphere0662v_crop.png,sphere0662v_crop.png,6mm-borosilicate-2,959.1735524756145,766346224.0,6884.198066423162,29665193.0,0.08826304828307173,28140894.0,sharp
C:\Users\justi\Downloads\coursework\testing_4mm\Modular\OUTPUT\6mm-borosilicate-2\sphere0666v_crop.png,sphere0666v_crop.png,6mm-borosilicate-2,984.4824731749083,773999172.0,6947.723343620678,30485356.0,0.09195951540970525,28752644.0,sharp
C:\Users\justi\Downloads\coursework\testing_4mm\Modular\OUTPUT\6mm-borosilicate-2\sphere0667v_crop.png,sphere0667v_crop.png,6mm-borosilicate-2,961.2243742249866,763022474.0,6809.6363718429975,29684292.0,0.08871245724986783,28080335.0,sharp
C:\Users\justi\Downloads\coursework\testing_4mm\Modular\OUTPUT\6mm-borosilicate-2\sphere0669v_crop.png,sphere0669v_crop.png,6mm-borosilicate-2,958.3073535740991,699293772.0,6090.487982274058,27326364.0,0.08780330486261373,26765105.0,sharp
C:\Users\justi\Downloads\coursework\testing_4mm\Modular\OUTPUT\6mm-borosilicate-22g\sphere1296g_crop.png,sphere1296g_crop.png,6mm-borosilicate-22g,158.09611813036253,281547202.0,2972.5546218889262,10742893.0,0.006173099093350173,7385635.0,sharp
C:\Users\justi\Downloads\coursework\testing_4mm\Modular\OUTPUT\6mm-borosilicate-22g\sphere1297g_crop.png,sphere1297g_crop.png,6mm-borosilicate-22g,153.67980517713573,287598308.0,3038.5672943809213,10859853.0,0.005782907326986988,7421856.0,sharp
C:\Users\justi\Downloads\coursework\testing_4mm\Modular\OUTPUT\6mm-borosilicate-22g\sphere1298g_crop.png,sphere1298g_crop.png,6mm-borosilicate-22g,155.07490408322627,285850508.0,3020.017581794645,10802821.0,0.005833486211309773,7400029.0,sharp
C:\Users\justi\Downloads\coursework\testing_4mm\Modular\OUTPUT\6mm-borosilicate-22g\sphere1299g_crop.png,sphere1299g_crop.png,6mm-borosilicate-22g,157.29728008425653,280000804.0,2950.7680290591434,10591744.0,0.00606031783576248,7313813.0,sharp
C:\Users\justi\Downloads\coursework\testing_4mm\Modular\OUTPUT\6mm-borosilicate-22g\sphere1301g_crop.png,sphere1301g_crop.png,6mm-borosilicate-22g,151.12304585683606,260799672.0,2744.6717768715753,9773225.0,0.00624185926054479,6895184.0,sharp
C:\Users\justi\Downloads\coursework\testing_4mm\Modular\OUTPUT\6mm-borosilicate-22g\sphere1305g_crop.png,sphere1305g_crop.png,6mm-borosilicate-22g,151.4059844414579,284014174.0,3002.744309286094,10710706.0,0.005818575127732587,7352839.0,sharp
C:\Users\justi\Downloads\coursework\testing_4mm\Modular\OUTPUT\6mm-borosilicate-22g\sphere1307g_crop.png,sphere1307g_crop.png,6mm-borosilicate-22g,149.6079195216386,273810148.0,2888.120561974833,10407899.0,0.005866584934048254,7088394.0,sharp
C:\Users\justi\Downloads\coursework\testing_4mm\Modular\OUTPUT\6mm-borosilicate-22g\sphere1310g_crop.png,sphere1310g_crop.png,6mm-borosilicate-22g,165.33077607467905,293614880.0,3101.727426187281,10946710.0,0.0060661853880313015,7713022.0,sharp
C:\Users\justi\Downloads\coursework\testing_4mm\Modular\OUTPUT\6mm-borosilicate-22g\sphere1311v_crop.png,sphere1311v_crop.png,6mm-borosilicate-22g,171.1336568912484,703718988.0,7510.294070085461,23495096.0,0.011677090914824205,14727634.0,sharp
C:\Users\justi\Downloads\coursework\testing_4mm\Modular\OUTPUT\6mm-borosilicate-22g\sphere1314g_crop.png,sphere1314g_crop.png,6mm-borosilicate-22g,160.300341871622,269606522.0,2837.6135301440786,10156335.0,0.006440081088325747,7175771.0,sharp
C:\Users\justi\Downloads\coursework\testing_4mm\Modular\OUTPUT\6mm-borosilicate-22g\sphere1315g_crop.png,sphere1315g_crop.png,6mm-borosilicate-22g,160.66802563535012,299817806.0,3170.7522235283004,11204347.0,0.005756035973511106,7741909.0,sharp
C:\Users\justi\Downloads\coursework\testing_4mm\Modular\OUTPUT\6mm-borosilicate-22g\sphere1322g_crop.png,sphere1322g_crop.png,6mm-borosilicate-22g,159.4000807514461,265204606.0,2790.1251619361788,9772748.0,0.006434919224608101,7091228.0,sharp
C:\Users\justi\Downloads\coursework\testing_4mm\Modular\OUTPUT\6mm-borosilicate-22g\sphere1323g_crop.png,sphere1323g_crop.png,6mm-borosilicate-22g,162.0660320554771,263567610.0,2776.200072321559,9846051.0,0.006771838285725088,7140720.0,sharp
C:\Users\justi\Downloads\coursework\testing_4mm\Modular\OUTPUT\6mm-borosilicate-22g\sphere1324g_crop.png,sphere1324g_crop.png,6mm-borosilicate-22g,161.84517110621016,253589166.0,2664.114030730239,9453016.0,0.00693578947893765,6916347.0,sharp
C:\Users\justi\Downloads\coursework\testing_4mm\Modular\OUTPUT\6mm-borosilicate-22g\sphere1329g_crop.png,sphere1329g_crop.png,6mm-borosilicate-22g,167.67311528193798,248594134.0,2609.534549737362,9349852.0,0.007490712941090174,6938335.0,sharp
C:\Users\justi\Downloads\coursework\testing_4mm\Modular\OUTPUT\6mm-borosilicate-22g\sphere1331g_crop.png,sphere1331g_crop.png,6mm-borosilicate-22g,146.36462153723386,249380076.0,2628.0522528930364,9391488.0,0.006587258395918312,6685396.0,sharp
C:\Users\justi\Downloads\coursework\testing_4mm\Modular\OUTPUT\6mm-borosilicate-22g\sphere1332g_crop.png,sphere1332g_crop.png,6mm-borosilicate-22g,150.45198731540322,249578210.0,2622.7485533558383,9299285.0,0.006606118479154441,6689006.0,sharp
C:\Users\justi\Downloads\coursework\testing_4mm\Modular\OUTPUT\6mm-borosilicate-22g\sphere1334g_crop.png,sphere1334g_crop.png,6mm-borosilicate-22g,151.1572175240806,241287162.0,2524.249095664811,9020788.0,0.0066363452458258615,6511707.0,sharp
C:\Users\justi\Downloads\coursework\testing_4mm\Modular\OUTPUT\6mm-borosilicate-22g\sphere1338g_crop.png,sphere1338g_crop.png,6mm-borosilicate-22g,147.44282187928025,254479810.0,2683.0555515250308,9536499.0,0.006447228733190388,6794232.0,sharp
C:\Users\justi\Downloads\coursework\testing_4mm\Modular\OUTPUT\6mm-borosilicate-22g\sphere1341g_crop.png,sphere1341g_crop.png,6mm-borosilicate-22g,163.85236758733308,252854056.0,2656.3485932256876,9573885.0,0.007090246405203928,6936193.0,sharp
C:\Users\justi\Downloads\coursework\testing_4mm\Modular\OUTPUT\6mm-borosilicate-22g\sphere1342g_crop.png,sphere1342g_crop.png,6mm-borosilicate-22g,152.14432661259826,245638350.0,2573.1700183663024,9301127.0,0.0065923698929664445,6639061.0,sharp
C:\Users\justi\Downloads\coursework\testing_4mm\Modular\OUTPUT\6mm-borosilicate-22g\sphere1343g_crop.png,sphere1343g_crop.png,6mm-borosilicate-22g,162.87646290759716,258964152.0,2727.950378670955,9886934.0,0.007052445945722595,7108506.0,sharp
C:\Users\justi\Downloads\coursework\testing_4mm\Modular\OUTPUT\6mm-borosilicate-22g\sphere1343v_crop.png,sphere1343v_crop.png,6mm-borosilicate-22g,173.6198475849608,667755050.0,7009.094580618999,22539905.0,0.011822998854187266,14177743.0,sharp
C:\Users\justi\Downloads\coursework\testing_4mm\Modular\OUTPUT\6mm-borosilicate-22g\sphere1344v_crop.png,sphere1344v_crop.png,6mm-borosilicate-22g,162.1976008133971,662830520.0,6964.412118469215,22213605.0,0.011146568089089546,13864774.0,sharp
C:\Users\justi\Downloads\coursework\testing_4mm\Modular\OUTPUT\6mm-borosilicate-22g\sphere1347g_crop.png,sphere1347g_crop.png,6mm-borosilicate-22g,148.38514427242688,238698904.0,2495.572330263581,8945514.0,0.006514330892996415,6399600.0,sharp
C:\Users\justi\Downloads\coursework\testing_4mm\Modular\OUTPUT\6mm-borosilicate-22g\sphere1348g_crop.png,sphere1348g_crop.png,6mm-borosilicate-22g,149.31751627586624,245993176.0,2581.5260688995345,9318690.0,0.00661848761940168,6588627.0,sharp
C:\Users\justi\Downloads\coursework\testing_4mm\Modular\OUTPUT\6mm-borosilicate-22g\sphere1349g_crop.png,sphere1349g_crop.png,6mm-borosilicate-22g,148.86867687894744,255086268.0,2682.6959520458777,9597027.0,0.0063362633143788614,6788336.0,sharp
C:\Users\justi\Downloads\coursework\testing_4mm\Modular\OUTPUT\6mm-borosilicate-22g\sphere1349v_crop.png,sphere1349v_crop.png,6mm-borosilicate-22g,153.8378491417241,646357234.0,6773.441813303002,21576243.0,0.010536213091437553,13417752.0,sharp
C:\Users\justi\Downloads\coursework\testing_4mm\Modular\OUTPUT\6mm-borosilicate-22g-2\sphere1355g_crop.png,sphere1355g_crop.png,6mm-borosilicate-22g-2,158.37598509900212,271599350.0,2865.785749588927,10412079.0,0.006446625135449711,7211415.0,sharp
C:\Users\justi\Downloads\coursework\testing_4mm\Modular\OUTPUT\6mm-borosilicate-22g-2\sphere1355v_crop.png,sphere1355v_crop.png,6mm-borosilicate-22g-2,177.97957806173312,697567688.0,7438.251534423875,23748830.0,0.012540790134430258,14768371.0,sharp
C:\Users\justi\Downloads\coursework\testing_4mm\Modular\OUTPUT\6mm-borosilicate-22g-2\sphere1357g_crop.png,sphere1357g_crop.png,6mm-borosilicate-22g-2,155.36176024023217,258566560.0,2712.4349925586353,9844469.0,0.006451938199328741,6923124.0,sharp
C:\Users\justi\Downloads\coursework\testing_4mm\Modular\OUTPUT\6mm-borosilicate-22g-2\sphere1357v_crop.png,sphere1357v_crop.png,6mm-borosilicate-22g-2,183.42232505958978,708040686.0,7557.894624183187,24270705.0,0.012866992119289107,15048844.0,sharp
C:\Users\justi\Downloads\coursework\testing_4mm\Modular\OUTPUT\6mm-borosilicate-22g-2\sphere1360v_crop.png,sphere1360v_crop.png,6mm-borosilicate-22g-2,148.74893851238946,632311592.0,6582.089580029441,21372362.0,0.010245347111304592,13074058.0,sharp
C:\Users\justi\Downloads\coursework\testing_4mm\Modular\OUTPUT\6mm-borosilicate-22g-2\sphere1363v_crop.png,sphere1363v_crop.png,6mm-borosilicate-22g-2,151.69056987666227,638721726.0,6650.366683520248,21513189.0,0.010485136566023684,13249209.0,sharp
C:\Users\justi\Downloads\coursework\testing_4mm\Modular\OUTPUT\6mm-borosilicate-22g-2\sphere1366v_crop.png,sphere1366v_crop.png,6mm-borosilicate-22g-2,160.62329939619795,633296248.0,6608.114951187541,20727375.0,0.01050616132607839,13339728.0,sharp
C:\Users\justi\Downloads\coursework\testing_4mm\Modular\OUTPUT\6mm-borosilicate-22g-2\sphere1368g_crop.png,sphere1368g_crop.png,6mm-borosilicate-22g-2,145.72070336872883,243207304.0,2542.606553668562,9116712.0,0.006187358968323314,6468778.0,sharp
C:\Users\justi\Downloads\coursework\testing_4mm\Modular\OUTPUT\6mm-borosilicate-22g-2\sphere1369v_crop.png,sphere1369v_crop.png,6mm-borosilicate-22g-2,156.46116830536104,639500276.0,6647.557824695052,21030948.0,0.010394801419331804,13340594.0,sharp
C:\Users\justi\Downloads\coursework\testing_4mm\Modular\OUTPUT\6mm-borosilicate-22g-2\sphere1376g_crop.png,sphere1376g_crop.png,6mm-borosilicate-22g-2,151.86743928024143,253905352.0,2662.010100005676,9511586.0,0.006296940615991526,6744213.0,sharp
C:\Users\justi\Downloads\coursework\testing_4mm\Modular\OUTPUT\6mm-borosilicate-22g-2\sphere1377g_crop.png,sphere1377g_crop.png,6mm-borosilicate-22g-2,161.49273222278174,258768444.0,2717.5738277903965,9677674.0,0.006614807058519853,7046331.0,sharp
C:\Users\justi\Downloads\coursework\testing_4mm\Modular\OUTPUT\6mm-borosilicate-22g-2\sphere1378g_crop.png,sphere1378g_crop.png,6mm-borosilicate-22g-2,156.53977647351584,258411872.0,2712.0356819593653,9627231.0,0.006410718166739483,6913054.0,sharp
C:\Users\justi\Downloads\coursework\testing_4mm\Modular\OUTPUT\6mm-borosilicate-22g-2\sphere1379g_crop.png,sphere1379g_crop.png,6mm-borosilicate-22g-2,150.4883335249538,271405048.0,2859.304743539541,10027080.0,0.005890370986601882,7095277.0,sharp
C:\Users\justi\Downloads\coursework\testing_4mm\Modular\OUTPUT\6mm-borosilicate-22g-2\sphere1381g_crop.png,sphere1381g_crop.png,6mm-borosilicate-22g-2,146.57060933230176,250803768.0,2631.57503932797,9452674.0,0.005402455663948273,6617547.0,sharp
C:\Users\justi\Downloads\coursework\testing_4mm\Modular\OUTPUT\6mm-borosilicate-22g-2\sphere1382g_crop.png,sphere1382g_crop.png,6mm-borosilicate-22g-2,158.36361423532796,273992020.0,2895.148321445083,10438223.0,0.005557670960902003,7277028.0,sharp
C:\Users\justi\Downloads\coursework\testing_4mm\Modular\OUTPUT\6mm-borosilicate-22g-2\sphere1384v_crop.png,sphere1384v_crop.png,6mm-borosilicate-22g-2,206.05380033583614,663814918.0,6987.463564280336,22698949.0,0.010644476677925346,14773881.0,sharp
C:\Users\justi\Downloads\coursework\testing_4mm\Modular\OUTPUT\6mm-borosilicate-22g-2\sphere1386g_crop.png,sphere1386g_crop.png,6mm-borosilicate-22g-2,150.3786147673577,275765948.0,2909.7759672012335,10387006.0,0.0051266249732534784,7169804.0,sharp
C:\Users\justi\Downloads\coursework\testing_4mm\Modular\OUTPUT\6mm-borosilicate-22g-2\sphere1388g_crop.png,sphere1388g_crop.png,6mm-borosilicate-22g-2,144.847573622923,247727674.0,2599.3922131263375,9364725.0,0.005410494862502537,6539422.0,sharp
C:\Users\justi\Downloads\coursework\testing_4mm\Modular\OUTPUT\6mm-borosilicate-22g-2\sphere1389v_crop.png,sphere1389v_crop.png,6mm-borosilicate-22g-2,151.14206301208228,592007374.0,6173.325468685593,19939377.0,0.007927579566700404,12486425.0,sharp
C:\Users\justi\Downloads\coursework\testing_4mm\Modular\OUTPUT\6mm-borosilicate-22g-2\sphere1390g_crop.png,sphere1390g_crop.png,6mm-borosilicate-22g-2,163.2581454093825,263519794.0,2776.752359942639,10023145.0,0.005974786933414851,7158116.0,sharp
C:\Users\justi\Downloads\coursework\testing_4mm\Modular\OUTPUT\6mm-borosilicate-22g-2\sphere1393g_crop.png,sphere1393g_crop.png,6mm-borosilicate-22g-2,151.24336332197447,260756182.0,2748.6368499728565,9887873.0,0.005534616680482876,6919048.0,sharp
C:\Users\justi\Downloads\coursework\testing_4mm\Modular\OUTPUT\6mm-borosilicate-22g-2\sphere1394g_crop.png,sphere1394g_crop.png,6mm-borosilicate-22g-2,144.44141808185688,254834954.0,2687.4724387594692,9700290.0,0.005446331592504553,6727371.0,sharp
C:\Users\justi\Downloads\coursework\testing_4mm\Modular\OUTPUT\6mm-borosilicate-22g-2\sphere1395v_crop.png,sphere1395v_crop.png,6mm-borosilicate-22g-2,179.45120750435441,614530778.0,6432.860696229089,20970891.0,0.009577036161731781,13426249.0,sharp
C:\Users\justi\Downloads\coursework\testing_4mm\Modular\OUTPUT\6mm-borosilicate-22g-2\sphere1396g_crop.png,sphere1396g_crop.png,6mm-borosilicate-22g-2,158.81492893634726,260040414.0,2738.7783333082125,9823173.0,0.005826659126107219,7022742.0,sharp
C:\Users\justi\Downloads\coursework\testing_4mm\Modular\OUTPUT\6mm-borosilicate-22g-2\sphere1397v_crop.png,sphere1397v_crop.png,6mm-borosilicate-22g-2,154.33667606993856,594226788.0,6197.234039169471,19891740.0,0.00798727965153795,12574908.0,sharp
C:\Users\justi\Downloads\coursework\testing_4mm\Modular\OUTPUT\6mm-borosilicate-22g-2\sphere1400g_crop.png,sphere1400g_crop.png,6mm-borosilicate-22g-2,156.18098126211854,266734312.0,2813.4996153737447,10144529.0,0.005606755743665906,7119704.0,sharp
C:\Users\justi\Downloads\coursework\testing_4mm\Modular\OUTPUT\8mm-borosilicate-1\sphere0469v_crop.png,sphere0469v_crop.png,8mm-borosilicate-1,206.70810498462714,622122342.0,6562.6906901394095,21005506.0,0.02083748300551847,14128639.0,sharp
C:\Users\justi\Downloads\coursework\testing_4mm\Modular\OUTPUT\8mm-borosilicate-1\sphere0480v_crop.png,sphere0480v_crop.png,8mm-borosilicate-1,207.96901602724148,628203770.0,6633.167420378612,20986179.0,0.021387474770209643,14256262.0,sharp
C:\Users\justi\Downloads\coursework\testing_4mm\Modular\OUTPUT\8mm-borosilicate-1\sphere0486v_crop.png,sphere0486v_crop.png,8mm-borosilicate-1,211.66094855036135,636115664.0,6740.678619211685,21829108.0,0.022700672597308288,14456581.0,sharp
C:\Users\justi\Downloads\coursework\testing_4mm\Modular\OUTPUT\8mm-borosilicate-1\sphere0498v_crop.png,sphere0498v_crop.png,8mm-borosilicate-1,207.17721282065827,630520918.0,6680.423380207404,21120430.0,0.021333094530605202,14282730.0,sharp
C:\Users\justi\Downloads\coursework\testing_4mm\Modular\OUTPUT\8mm-borosilicate-1\sphere0504v_crop.png,sphere0504v_crop.png,8mm-borosilicate-1,205.0034735364532,629622504.0,6661.437950281028,21102621.0,0.02178502523270445,14218630.0,sharp
C:\Users\justi\Downloads\coursework\testing_4mm\Modular\OUTPUT\8mm-borosilicate-1\sphere0506v_crop.png,sphere0506v_crop.png,8mm-borosilicate-1,210.57718302628462,641254272.0,6794.401128553109,21728538.0,0.022052412853705655,14522956.0,sharp
C:\Users\justi\Downloads\coursework\testing_4mm\Modular\OUTPUT\8mm-borosilicate-1\sphere0514v_crop.png,sphere0514v_crop.png,8mm-borosilicate-1,201.83458620784182,684238804.0,7242.066718756475,22819473.0,0.018773765412979836,15037988.0,sharp
C:\Users\justi\Downloads\coursework\testing_4mm\Modular\OUTPUT\8mm-borosilicate-1\sphere0515v_crop.png,sphere0515v_crop.png,8mm-borosilicate-1,219.29037230223872,667626826.0,7082.869397227419,22373649.0,0.021570280333361908,15118131.0,sharp
C:\Users\justi\Downloads\coursework\testing_4mm\Modular\OUTPUT\8mm-borosilicate-1\sphere0516v_crop.png,sphere0516v_crop.png,8mm-borosilicate-1,213.05225001712017,673763392.0,7134.279176505205,22626047.0,0.020730637415742978,15101637.0,sharp
C:\Users\justi\Downloads\coursework\testing_4mm\Modular\OUTPUT\8mm-borosilicate-1\sphere0520v_crop.png,sphere0520v_crop.png,8mm-borosilicate-1,206.64165216678435,712361804.0,7549.828817577517,24170549.0,0.020666221975395794,15594641.0,sharp
C:\Users\justi\Downloads\coursework\testing_4mm\Modular\OUTPUT\8mm-borosilicate-1\sphere0523v_crop.png,sphere0523v_crop.png,8mm-borosilicate-1,230.0405000135519,708799908.0,7533.21060516327,24073035.0,0.021848232355619057,16003999.0,sharp
C:\Users\justi\Downloads\coursework\testing_4mm\Modular\OUTPUT\8mm-borosilicate-1\sphere0524v_crop.png,sphere0524v_crop.png,8mm-borosilicate-1,214.25005463642717,701654204.0,7439.315354344871,23605359.0,0.020161574626228255,15575604.0,sharp
C:\Users\justi\Downloads\coursework\testing_4mm\Modular\OUTPUT\8mm-borosilicate-1\sphere0525v_crop.png,sphere0525v_crop.png,8mm-borosilicate-1,211.3875863819864,685479446.0,7267.880813411866,22904779.0,0.01973027648834537,15259040.0,sharp
C:\Users\justi\Downloads\coursework\testing_4mm\Modular\OUTPUT\8mm-borosilicate-1\sphere0527v_crop.png,sphere0527v_crop.png,8mm-borosilicate-1,225.58844625578777,706747450.0,7503.4456204356375,24474156.0,0.022035981045582947,15671910.0,sharp
C:\Users\justi\Downloads\coursework\testing_4mm\Modular\OUTPUT\8mm-borosilicate-1\sphere0528v_crop.png,sphere0528v_crop.png,8mm-borosilicate-1,206.80004186485294,697256180.0,7388.3786534429255,23432149.0,0.01983478260361105,15354729.0,sharp
C:\Users\justi\Downloads\coursework\testing_4mm\Modular\OUTPUT\8mm-borosilicate-1\sphere0529v_crop.png,sphere0529v_crop.png,8mm-borosilicate-1,227.8272340188938,688084878.0,7307.120378374005,23149369.0,0.02194865552330586,15624726.0,sharp
C:\Users\justi\Downloads\coursework\testing_4mm\Modular\OUTPUT\8mm-borosilicate-2\sphere0531v_crop.png,sphere0531v_crop.png,8mm-borosilicate-2,216.9585280196243,700403002.0,7434.497482932708,23819494.0,0.020690055312710582,15606158.0,sharp
C:\Users\justi\Downloads\coursework\testing_4mm\Modular\OUTPUT\8mm-borosilicate-2\sphere0533v_crop.png,sphere0533v_crop.png,8mm-borosilicate-2,192.2673251336698,652369568.0,6902.414518078454,21984233.0,0.018784506986061548,14336421.0,sharp
C:\Users\justi\Downloads\coursework\testing_4mm\Modular\OUTPUT\8mm-borosilicate-2\sphere0537v_crop.png,sphere0537v_crop.png,8mm-borosilicate-2,189.09213639463206,593554724.0,6251.415841159798,19887361.0,0.020663025538326284,13324461.0,sharp
C:\Users\justi\Downloads\coursework\testing_4mm\Modular\OUTPUT\8mm-borosilicate-2\sphere0540v_crop.png,sphere0540v_crop.png,8mm-borosilicate-2,198.44056604161287,604384938.0,6384.371310861527,20182541.0,0.021683249735916447,13680099.0,sharp
C:\Users\justi\Downloads\coursework\testing_4mm\Modular\OUTPUT\8mm-borosilicate-2\sphere0541v_crop.png,sphere0541v_crop.png,8mm-borosilicate-2,190.48696206387487,591610340.0,6230.400497453395,19943533.0,0.021308314023934845,13319757.0,sharp
C:\Users\justi\Downloads\coursework\testing_4mm\Modular\OUTPUT\8mm-borosilicate-2\sphere0549v_crop.png,sphere0549v_crop.png,8mm-borosilicate-2,195.3468087832869,595246212.0,6269.812793236668,20201230.0,0.02233767456168528,13475140.0,sharp
C:\Users\justi\Downloads\coursework\testing_4mm\Modular\OUTPUT\8mm-borosilicate-2\sphere0553v_crop.png,sphere0553v_crop.png,8mm-borosilicate-2,203.03419265827793,603030950.0,6359.466168859581,20322791.0,0.02307214787996936,13749627.0,sharp
C:\Users\justi\Downloads\coursework\testing_4mm\Modular\OUTPUT\8mm-borosilicate-2\sphere0556v_crop.png,sphere0556v_crop.png,8mm-borosilicate-2,191.80349251723817,589579602.0,6208.424817902864,19905711.0,0.0216852798706443,13309265.0,sharp
C:\Users\justi\Downloads\coursework\testing_4mm\Modular\OUTPUT\8mm-borosilicate-2\sphere0558v_crop.png,sphere0558v_crop.png,8mm-borosilicate-2,200.58664470798846,600283594.0,6326.674941572543,19959513.0,0.022458513902833068,13655953.0,sharp
C:\Users\justi\Downloads\coursework\testing_4mm\Modular\OUTPUT\8mm-borosilicate-2\sphere0567v_crop.png,sphere0567v_crop.png,8mm-borosilicate-2,189.8624923985778,589657888.0,6218.418761093803,19899502.0,0.021560555745794387,13267368.0,sharp
C:\Users\justi\Downloads\coursework\testing_4mm\Modular\OUTPUT\8mm-borosilicate-2\sphere0574v_crop.png,sphere0574v_crop.png,8mm-borosilicate-2,197.43456013450816,592598948.0,6255.226663995598,19955280.0,0.022939578991380407,13465490.0,sharp
C:\Users\justi\Downloads\coursework\testing_4mm\Modular\OUTPUT\8mm-borosilicate-2\sphere0577v_crop.png,sphere0577v_crop.png,8mm-borosilicate-2,199.54235433639855,596560280.0,6296.618286554717,20131271.0,0.02282599874923075,13577257.0,sharp
C:\Users\justi\Downloads\coursework\testing_4mm\Modular\OUTPUT\8mm-borosilicate-2\sphere0578v_crop.png,sphere0578v_crop.png,8mm-borosilicate-2,191.08029341182848,599883792.0,6327.692435349521,20213226.0,0.02156612996833257,13461131.0,sharp
C:\Users\justi\Downloads\coursework\testing_4mm\Modular\OUTPUT\8mm-borosilicate-2\sphere0586v_crop.png,sphere0586v_crop.png,8mm-borosilicate-2,199.14636210674735,598495290.0,6338.147839243876,20228681.0,0.023005594910400762,13596079.0,sharp
